Title,Year,Genre,Runtime,Awards,Metascore,imdbRating
Secret Things,2002,"Comedy, Drama, Fantasy",115 min,1 win.,55,6.1
,,,,,,
My Baby's Daddy,2004,Comedy,86 min,N/A,23,4.5
Chasing Liberty,2004,"Comedy, Romance",111 min,5 nominations.,46,6.1
The Battle of Algiers,1966,"Drama, War",121 min,Nominated for 3 Oscars. Another 9 wins & 5 nominations.,94,8.1
The Home Teachers,2004,Comedy,82 min,N/A,N/A,4.6
,,,,,,
Along Came Polly,2004,"Comedy, Romance",90 min,1 win & 8 nominations.,44,5.9
Torque,2004,"Action, Comedy, Crime",84 min,4 nominations.,41,4
Teacher's Pet,1958,"Comedy, Romance",120 min,Nominated for 2 Oscars. Another 7 nominations.,N/A,7.2
The Corporation,2003,"Documentary, History",145 min,11 wins & 1 nomination.,73,8.2
Crimson Gold,2003,"Drama, Thriller",95 min,4 wins & 1 nomination.,81,7.6
Tokyo Godfathers,2003,"Adventure, Animation, Drama",92 min,8 wins & 1 nomination.,73,7.9
The Tracker,2002,"Drama, History, Western",90 min,16 wins & 16 nominations.,71,7.6
Cuba: Island of Music,2004,Documentary,95 min,N/A,54,N/A
Empathy,2007,"Horror, Thriller",90 min,N/A,N/A,7
The Butterfly Effect,2004,"Sci-Fi, Thriller",113 min,1 win & 8 nominations.,30,7.7
Win a Date with Tad Hamilton!,2004,"Comedy, Romance",95 min,8 nominations.,52,5.6
Touching the Void,2003,"Documentary, Adventure, Drama",106 min,6 wins & 10 nominations.,82,8.1
Khakee,2004,"Action, Drama",174 min,20 nominations.,N/A,7.6
Wooly Boys,2001,Comedy,99 min,N/A,N/A,6.3
You Got Served,2004,"Drama, Music",95 min,1 win & 5 nominations.,37,3.4
The Perfect Score,2004,"Comedy, Crime",93 min,1 nomination.,35,5.7
The Big Bounce,2004,"Comedy, Crime",88 min,N/A,42,4.9
Latter Days,2003,"Comedy, Drama, Romance",107 min,3 wins.,45,7.3
,,,,,,
,,,,,,
L'Age d'Or,1930,"Comedy, Drama, Horror",63 min,N/A,N/A,7.5
Eat This New York,2004,Documentary,80 min,N/A,60,7
,,,,,,
Barbershop 2: Back in Business,2004,"Comedy, Drama",106 min,2 wins & 10 nominations.,59,5.7
Miracle,2004,"Biography, Drama, History",135 min,1 win & 3 nominations.,68,7.5
Catch That Kid,2004,"Comedy, Crime",91 min,1 nomination.,33,5.2
,,,,,,
The Dreamers,2003,"Drama, Romance",115 min,9 nominations.,62,7.2
Osama,2003,Drama,83 min,Won 1 Golden Globe. Another 14 wins & 11 nominations.,83,7.4
The Return,2003,"Drama, Mystery, Thriller",105 min,Nominated for 1 Golden Globe. Another 28 wins & 13 nominations.,82,8
The Lost Skeleton of Cadavra,2001,"Comedy, Horror, Sci-Fi",90 min,2 nominations.,45,7.1
Hiding and Seeking: Faith and Tolerance After the Holocaust,2004,Documentary,N/A,2 nominations.,67,7.7
,,,,,,
Blind Shaft,2003,"Crime, Drama",92 min,16 wins & 7 nominations.,78,7.6
Perfect Opposites,2004,"Drama, Romance",99 min,N/A,N/A,5.6
50 First Dates,2004,"Comedy, Romance",99 min,6 wins & 9 nominations.,48,6.8
Highwaymen,2004,"Action, Crime, Thriller",80 min,2 nominations.,N/A,5.7
Dans l'oeil du chat,2004,Thriller,94 min,N/A,N/A,5
Robot Stories,2003,"Drama, Romance, Sci-Fi",85 min,13 wins & 3 nominations.,66,5.8
The Seagull's Laughter,2001,"Comedy, Drama",102 min,8 wins & 6 nominations.,65,6.9
The Umbrellas of Cherbourg,1964,"Drama, Musical, Romance",91 min,Nominated for 5 Oscars. Another 5 wins & 2 nominations.,86,7.8
,,,,,,
,,,,,,
Love Object,2003,"Drama, Horror, Romance",88 min,5 wins & 2 nominations.,45,6.5
Cockfight,2001,Documentary,45 min,1 nomination.,N/A,5.7
Confessions of a Teenage Drama Queen,2004,"Comedy, Family, Music",89 min,1 win.,33,4.6
EuroTrip,2004,Comedy,93 min,2 nominations.,45,6.6
Welcome to Mooseport,2004,"Comedy, Romance",110 min,N/A,33,5.2
Against the Ropes,2004,"Biography, Drama, Romance",111 min,N/A,36,5.3
The Blue Butterfly,2004,"Drama, Adventure",97 min,1 win & 6 nominations.,N/A,6.3
The Best Two Years,2004,"Comedy, Drama",112 min,N/A,N/A,7.6
Kitchen Stories,2003,"Comedy, Drama",95 min,8 wins & 6 nominations.,75,7.4
Crying Ladies,2003,"Comedy, Drama",110 min,5 wins & 17 nominations.,54,6.8
Jack Paradise (Les nuits de Montréal),2004,Musical,90 min,1 nomination.,N/A,5.6
,,,,,,
,,,,,,
Abouna,2002,Drama,84 min,7 wins & 1 nomination.,70,6.7
The Passion of the Christ,2004,Drama,127 min,Nominated for 3 Oscars. Another 23 wins & 20 nominations.,47,7.1
"Léchez-nous, Miaou, Miaou!",2015,"Short, Comedy",16 min,N/A,N/A,N/A
Twisted,2004,"Crime, Drama, Mystery",97 min,1 win.,26,5.2
Dirty Dancing: Havana Nights,2004,"Romance, Drama",86 min,N/A,39,6
Club Dread,2004,"Comedy, Horror, Thriller",104 min,N/A,45,5.6
Good Bye Lenin!,2003,"Drama, Romance",121 min,Nominated for 1 Golden Globe. Another 32 wins & 16 nominations.,68,7.7
Greendale,2003,"Musical, Drama",87 min,N/A,52,6.4
Decoys,2004,"Comedy, Horror, Sci-Fi",95 min,N/A,N/A,4.6
Alila,2003,"Comedy, Drama",123 min,4 nominations.,57,6.1
Lana's Rain,2002,Drama,107 min,N/A,40,6.5
Risk/Reward,2003,Documentary,88 min,N/A,58,7.7
What Boys Like,2003,Comedy,89 min,N/A,N/A,5.1
Starsky and Hutch,1975–1979,"Action, Crime, Drama",60 min,Nominated for 1 Golden Globe. Another 4 wins & 2 nominations.,N/A,7
Hidalgo,2004,"Action, Adventure, Western",136 min,1 win & 2 nominations.,54,6.7
The Reckoning,2002,"Crime, Drama, Mystery",112 min,2 nominations.,49,6.6
The Snow Walker,2003,"Adventure, Drama",103 min,8 wins & 20 nominations.,N/A,7.4
"Love, Sex and Eating the Bones",2003,"Comedy, Romance",100 min,5 wins & 4 nominations.,N/A,5.9
Carlos Castaneda: Enigma of a Sorcerer,2004,Documentary,91 min,N/A,32,5.6
James' Journey to Jerusalem,2003,"Comedy, Drama",87 min,8 wins & 8 nominations.,65,7.4
,,,,,,
MC5*: A True Testimonial,2002,Documentary,120 min,1 win.,75,8.2
Secret Window,2004,"Mystery, Thriller",96 min,3 nominations.,46,6.6
Agent Cody Banks 2: Destination London,2004,"Action, Adventure, Comedy",100 min,N/A,32,4.5
,,,,,,
Spartan,2004,"Action, Crime, Drama",106 min,N/A,60,6.6
Le dernier tunnel,2004,"Crime, Drama",109 min,3 wins & 13 nominations.,N/A,6.4
Broken Wings,2002,Drama,87 min,15 wins & 4 nominations.,75,7.6
Wilbur Wants to Kill Himself,2002,"Comedy, Drama, Romance",109 min,10 wins & 21 nominations.,69,6.9
Games People Play: New York,2004,Comedy,97 min,N/A,32,5.4
Distant,2002,Drama,110 min,31 wins & 3 nominations.,84,7.7
Maestro,2005,"Animation, Short",5 min,Nominated for 1 Oscar. Another 5 wins & 1 nomination.,N/A,7.6
How to Draw a Bunny,2002,Documentary,90 min,1 win & 2 nominations.,78,7.5
Divan,2003,Documentary,90 min,2 wins.,71,6.9
Dawn of the Dead,2004,Horror,101 min,1 win & 16 nominations.,59,7.4
Eternal Sunshine of the Spotless Mind,2004,"Drama, Romance, Sci-Fi",108 min,Won 1 Oscar. Another 66 wins & 103 nominations.,89,8.4
Taking Lives,2004,"Crime, Mystery, Thriller",103 min,4 nominations.,38,6.2
Bon voyage,2003,"Comedy, Drama, Mystery",114 min,5 wins & 8 nominations.,68,6.9
Intermission,2003,"Comedy, Crime, Drama",105 min,6 wins & 11 nominations.,64,6.9
Noi,2004,Drama,N/A,N/A,N/A,5.6
Scooby-Doo 2: Monsters Unleashed,2004,"Adventure, Comedy, Family",93 min,1 win & 2 nominations.,34,4.9
The Ladykillers,2004,"Comedy, Crime, Thriller",104 min,4 wins & 4 nominations.,56,6.2
Jersey Girl,2004,"Comedy, Drama, Romance",102 min,1 win & 6 nominations.,43,6.2
Never Die Alone,2004,"Action, Crime, Drama",88 min,1 nomination.,38,5.7
Dogville,2003,"Crime, Drama",178 min,20 wins & 25 nominations.,59,8.1
Tais-toi quand tu parles!,1981,Comedy,89 min,N/A,N/A,5
This Old Cub,2004,"Documentary, Sport",86 min,N/A,53,8.2
Mayor of the Sunset Strip,2003,"Documentary, Biography, Music",94 min,1 win & 1 nomination.,71,7.1
Two Men Went to War,2002,"Comedy, War, Drama",109 min,N/A,57,6.7
Ned Kelly,2003,"Action, Adventure, Biography",110 min,3 wins & 14 nominations.,56,6.5
Raja,1995,"Comedy, Drama, Romance",168 min,2 wins & 1 nomination.,N/A,5.3
I'll Sing for You,2001,"Documentary, Biography, Drama",76 min,N/A,61,7.5
Hellboy,2004,"Action, Fantasy, Horror",122 min,3 wins & 22 nominations.,72,6.8
Home on the Range,2004,"Animation, Comedy, Family",76 min,5 nominations.,50,5.4
Walking Tall,2004,"Action, Crime",86 min,2 nominations.,44,6.2
The Prince and Me,2004,"Comedy, Romance",111 min,1 nomination.,47,5.9
"Spring, Summer, Fall, Winter... and Spring",2003,Drama,103 min,13 wins & 8 nominations.,85,8.1
Shaolin Soccer,2001,"Action, Comedy, Sport",87 min,12 wins & 12 nominations.,68,7.3
The United States of Leland,2003,Drama,108 min,1 win & 2 nominations.,37,7.2
The Delicate Art of Parking,2003,Comedy,86 min,5 wins & 4 nominations.,N/A,6.4
,,,,,,
,,,,,,
Son frère,2003,Drama,92 min,2 wins & 4 nominations.,78,6.9
Tamala 2010: A Punk Cat in Space,2002,"Animation, Comedy, Drama",92 min,2 wins.,56,6.6
The Outskirts,2016,Comedy,95 min,N/A,N/A,N/A
Marathon,2005,"Biography, Drama, Sport",117 min,6 wins & 2 nominations.,N/A,7.9
Johnson Family Vacation,2004,Comedy,97 min,3 nominations.,29,4.3
Ella Enchanted,2004,"Comedy, Family, Fantasy",96 min,1 nomination.,53,6.3
The Alamo,2004,"Drama, History, War",137 min,1 nomination.,47,6
The Whole Ten Yards,2004,"Comedy, Crime, Thriller",98 min,1 nomination.,24,5.5
The Girl Next Door,2004,"Comedy, Drama, Romance",108 min,2 wins & 4 nominations.,47,6.8
Dans une galaxie près de chez vous - Le film,2004,"Adventure, Comedy, Sci-Fi",109 min,6 nominations.,N/A,7
I'm Not Scared,2003,"Crime, Drama, Mystery",108 min,11 wins & 14 nominations.,73,7.5
Masti,2004,"Comedy, Crime, Mystery",166 min,2 wins & 2 nominations.,N/A,6.1
Twentynine Palms,2003,Drama,119 min,1 win & 2 nominations.,43,5.2
Showboy,2002,"Comedy, Drama",93 min,2 wins.,37,5.6
Shade,2003,"Crime, Thriller",101 min,N/A,40,6.4
Kill Bill: Vol. 2,2004,"Action, Crime, Thriller",137 min,Nominated for 2 Golden Globes. Another 19 wins & 71 nominations.,83,8
The Punisher,2004,"Action, Crime, Drama",124 min,1 win & 5 nominations.,33,6.5
Connie and Carla,2004,"Comedy, Crime, Music",98 min,1 win.,44,6.3
Young Adam,2003,"Crime, Drama",98 min,7 wins & 16 nominations.,67,6.5
Gypsy 83,2001,"Drama, Romance",94 min,4 wins & 1 nomination.,47,7
Big Ain't Bad,2002,Drama,108 min,N/A,N/A,5.6
Close Call,2004,"Action, Crime, Drama",93 min,N/A,N/A,4
Klezmer on Fish Street,2004,Documentary,85 min,N/A,N/A,6.7
Clifford's Really Big Movie,2004,"Animation, Family",73 min,N/A,49,5.5
Man on Fire,2004,"Action, Crime, Drama",146 min,1 win & 7 nominations.,47,7.7
This So-Called Disaster: Sam Shepard Directs the Late Henry Moss,2003,Documentary,89 min,N/A,76,6.2
,,,,,,
13 Going on 30,2004,"Comedy, Fantasy, Romance",98 min,11 nominations.,57,6.1
The Twilight Samurai,2002,Drama,129 min,Nominated for 1 Oscar. Another 37 wins & 7 nominations.,82,8.1
L'incomparable mademoiselle C.,2004,Comedy,103 min,N/A,N/A,6.3
Silmido,2003,"Action, Drama",135 min,7 wins.,N/A,7.2
The Agronomist,2003,"Documentary, Biography, History",90 min,3 wins & 2 nominations.,82,7.5
Close Your Eyes,2002,"Crime, Horror, Mystery",108 min,5 wins & 2 nominations.,45,6.2
Faster & Faster,2004,N/A,49 min,N/A,N/A,7.8
Mean Girls,2004,Comedy,97 min,7 wins & 22 nominations.,66,7
Laws of Attraction,2004,"Comedy, Romance",90 min,2 nominations.,38,5.9
Godsend,2004,"Drama, Horror, Sci-Fi",102 min,N/A,24,4.8
Envy,2004,Comedy,99 min,1 nomination.,31,4.8
Bobby Jones: Stroke of Genius,2004,"Biography, Drama, Romance",120 min,1 nomination.,45,6.7
Main Hoon Na,2004,"Action, Comedy, Romance",179 min,8 wins & 34 nominations.,N/A,7
Monica la mitraille,2004,Drama,125 min,1 win & 10 nominations.,N/A,6.7
The Saddest Music in the World,2003,"Comedy, Musical",100 min,6 wins & 7 nominations.,78,7.2
,,,,,,
Since Otar Left,2003,Drama,103 min,12 wins & 5 nominations.,85,7.6
Mickey,1918,"Comedy, Drama",93 min,N/A,N/A,7.5
Her Majesty,2001,Family,107 min,16 wins & 5 nominations.,46,7.1
,,,,,,
People Say I'm Crazy,2003,Documentary,84 min,3 wins.,69,7.9
Superstar in a Housedress,2004,"Documentary, Biography",95 min,N/A,71,7.6
Van Helsing,2004,"Action, Adventure, Fantasy",131 min,2 wins & 17 nominations.,35,6
New York Minute,2004,Comedy,91 min,4 nominations.,33,4.8
Super Size Me,2004,"Documentary, Comedy, Drama",100 min,Nominated for 1 Oscar. Another 7 wins & 11 nominations.,73,7.3
,,,,,,
Still We Believe: The Boston Red Sox Movie,2004,"Documentary, Sport",N/A,N/A,N/A,7.2
Valentin,2002,"Comedy, Drama, Romance",86 min,14 wins & 8 nominations.,52,7.7
Seeing Other People,2004,"Comedy, Romance",90 min,2 wins.,51,5.9
The Mudge Boy,2003,"Crime, Drama, Romance",94 min,1 win & 2 nominations.,62,7.2
A Foreign Affair,1948,"Comedy, Drama, Romance",116 min,Nominated for 2 Oscars. Another 1 nomination.,N/A,7.5
Off the Lip,2004,"Adventure, Comedy, Sport",87 min,N/A,30,5.5
Reeseville,2003,"Mystery, Thriller",99 min,N/A,N/A,5.7
Oasis,2002,"Drama, Romance",133 min,13 wins & 2 nominations.,79,8
Wasabi Tuna,2003,"Action, Comedy, Crime",92 min,N/A,N/A,3.5
Justice,2006–2007,"Crime, Drama, Thriller",60 min,N/A,N/A,8
Troy,2004,Adventure,163 min,Nominated for 1 Oscar. Another 3 wins & 19 nominations.,56,7.2
Breakin' All the Rules,2004,"Comedy, Romance",85 min,1 win & 5 nominations.,46,5.5
A Day Without a Mexican,2004,"Comedy, Drama, Fantasy",100 min,3 wins & 2 nominations.,30,4.7
Coffee and Cigarettes,2003,"Comedy, Drama, Music",95 min,2 wins & 7 nominations.,65,7.1
Strayed,2003,"Drama, Romance, War",95 min,1 win & 5 nominations.,70,6.6
,,,,,,
Carandiru,2003,"Drama, Crime",145 min,13 wins & 26 nominations.,71,7.6
A Slipping-Down Life,1999,"Drama, Music, Romance",109 min,2 wins & 2 nominations.,44,6.2
Springtime in a Small Town,2002,"Drama, Romance",116 min,4 wins & 3 nominations.,86,7
After Freedom,2002,Drama,87 min,N/A,N/A,6.4
The 24th Day,2004,Thriller,92 min,N/A,29,6.6
With All Deliberate Speed,2004,"Documentary, History",110 min,N/A,60,7.7
The Last Place on Earth,1985,Drama,396 min,N/A,N/A,8.4
Shrek 2,2004,"Animation, Adventure, Comedy",93 min,Nominated for 2 Oscars. Another 15 wins & 47 nominations.,75,7.2
,,,,,,
Control Room,2004,Documentary,84 min,9 wins & 9 nominations.,79,7.8
Love Me If You Dare,2003,"Comedy, Drama, Romance",93 min,5 wins & 2 nominations.,45,7.7
Yuva,2004,"Action, Adventure, Crime",161 min,12 wins & 14 nominations.,63,7.5
Stateside,2004,"Drama, Music, Romance",97 min,1 win.,35,6
My Mother Likes Women,2002,"Comedy, Drama",96 min,12 wins & 8 nominations.,51,6.3
Twist,2003,Drama,97 min,1 win & 3 nominations.,39,6.4
The Five Obstructions,2003,Documentary,90 min,2 wins & 2 nominations.,79,7.5
Frankie and Johnny Are Married,2003,Comedy,95 min,2 wins.,44,5.9
The Day After Tomorrow,2004,"Action, Adventure, Sci-Fi",124 min,Won 1 BAFTA Film Award. Another 5 wins & 11 nominations.,47,6.4
Raising Helen,2004,"Comedy, Drama, Romance",119 min,1 nomination.,38,6
Soul Plane,2004,Comedy,86 min,1 nomination.,33,4.3
Saved!,2004,"Comedy, Drama",92 min,1 win & 6 nominations.,62,6.9
The Mother,2003,"Drama, Romance",112 min,Nominated for 1 BAFTA Film Award. Another 2 wins & 11 nominations.,72,6.9
Hum Tum,2004,"Drama, Romance, Comedy",142 min,13 wins & 24 nominations.,N/A,7.1
Baadasssss!,2003,"Biography, Drama",109 min,4 wins & 9 nominations.,75,7.4
Bukowski: Born into This,2003,"Documentary, Biography",130 min,1 nomination.,77,7.9
Word Wars,2004,"Documentary, Comedy",80 min,2 wins & 2 nominations.,61,6.9
The Burial Society,2002,Thriller,94 min,7 wins & 7 nominations.,53,6
Wake,2009,"Comedy, Drama, Romance",97 min,N/A,N/A,5.7
,,,,,,
Harry Potter and the Prisoner of Azkaban,2004,"Adventure, Family, Fantasy",142 min,Nominated for 2 Oscars. Another 13 wins & 41 nominations.,82,7.8
The Corporation,2003,"Documentary, History",145 min,11 wins & 1 nomination.,73,8.2
The Story of the Weeping Camel,2003,"Documentary, Drama, Family",93 min,Nominated for 1 Oscar. Another 10 wins & 7 nominations.,81,7.5
Firedancer,2002,Drama,79 min,N/A,46,7.5
Imelda,2003,"Documentary, Biography",103 min,2 wins & 1 nomination.,69,7.5
,,,,,,
The Stepford Wives,2004,"Comedy, Sci-Fi, Thriller",93 min,3 wins.,42,5.2
The Chronicles of Riddick,2004,"Action, Adventure, Sci-Fi",119 min,4 nominations.,38,6.7
Napoleon Dynamite,2004,Comedy,96 min,10 wins & 22 nominations.,64,6.9
"Broadway: The Golden Age, by the Legends Who Were There",2003,"Documentary, History, Music",111 min,5 wins & 1 nomination.,72,8.4
,,,,,,
Dev,2004,Drama,172 min,2 wins & 7 nominations.,N/A,7.1
Imagining Argentina,2003,"Drama, Romance, Thriller",107 min,1 nomination.,27,6.3
Around the World in 80 Days,2004,"Action, Adventure, Comedy",120 min,2 nominations.,49,5.8
Seducing Doctor Lewis,2003,Comedy,108 min,15 wins & 17 nominations.,59,7.5
I'll Sleep When I'm Dead,2003,"Crime, Drama, Mystery",103 min,1 nomination.,56,5.9
Dodgeball: A True Underdog Story,2004,"Comedy, Sport",92 min,2 wins & 7 nominations.,55,6.7
The Terminal,2004,"Comedy, Drama",128 min,5 wins & 3 nominations.,55,7.3
Lakshya,2004,"War, Drama, Romance",186 min,3 wins & 10 nominations.,N/A,8
Facing Windows,2003,"Drama, Romance",102 min,23 wins & 16 nominations.,55,7.4
The Hunting of the President,2004,Documentary,90 min,1 nomination.,53,7.1
Howard Zinn: You Can't Be Neutral on a Moving Train,2004,Documentary,78 min,1 win.,65,7.5
You'll Get Over It,2002,"Drama, Romance, Sport",86 min,N/A,52,6.9
Father and Son,2003,Drama,97 min,2 wins & 1 nomination.,64,6.7
Saints and Sinners,1994,"Action, Crime, Drama",100 min,1 win & 1 nomination.,N/A,5.4
Swing,2002,"Comedy, Drama, Music",90 min,N/A,N/A,7.2
Fahrenheit 9/11,2004,"Documentary, Comedy, Drama",122 min,29 wins & 15 nominations.,67,7.5
White Chicks,2004,"Crime, Comedy",109 min,2 wins & 8 nominations.,41,5.4
,,,,,,
The Notebook,2004,"Drama, Romance",123 min,12 wins & 9 nominations.,53,7.9
Two Brothers,2004,"Adventure, Drama, Family",109 min,2 wins & 2 nominations.,63,7.1
Deewaar,1975,"Action, Crime, Drama",174 min,7 wins.,N/A,8.2
Time of the Wolf,2003,"Drama, Romance",114 min,2 wins & 1 nomination.,71,6.6
Kaena: The Prophecy,2003,"Animation, Adventure, Family",85 min,2 nominations.,40,6.2
The Intended,2002,"Drama, Thriller",110 min,N/A,42,6.2
Spider-Man 2,2004,"Action, Adventure, Fantasy",127 min,Won 1 Oscar. Another 23 wins & 51 nominations.,83,7.3
The Road to Love,2001,Drama,70 min,N/A,N/A,6.9
De-Lovely,2004,"Biography, Drama, Music",125 min,Nominated for 2 Golden Globes. Another 1 win & 11 nominations.,53,6.6
Before Sunset,2004,"Drama, Romance",80 min,Nominated for 1 Oscar. Another 9 wins & 27 nominations.,90,8
The Clearing,2004,"Drama, Mystery, Thriller",95 min,1 nomination.,60,5.9
,,,,,,
,,,,,,
Deserted Station,1965,Short,7 min,N/A,N/A,N/A
King Arthur,2004,"Action, Adventure, Drama",126 min,4 wins & 8 nominations.,46,6.3
Anchorman: The Legend of Ron Burgundy,2004,Comedy,94 min,1 win & 11 nominations.,63,7.2
Sleepover,2004,Comedy,89 min,1 win & 3 nominations.,33,5.3
Camping sauvage,2004,"Comedy, Crime",100 min,1 win & 4 nominations.,N/A,5.9
Riding Giants,2004,"Documentary, History, Sport",105 min,1 win & 1 nomination.,80,7.9
Metallica: Some Kind of Monster,2004,"Documentary, Music",141 min,5 wins & 3 nominations.,74,7.5
The Inheritance,2003,Drama,115 min,17 wins & 6 nominations.,68,7.3
The Door in the Floor,2004,"Comedy, Drama",111 min,2 wins & 7 nominations.,67,6.7
Let's Get Frank,2003,Documentary,75 min,N/A,54,7.5
"I, Robot",2004,"Action, Mystery, Sci-Fi",115 min,Nominated for 1 Oscar. Another 1 win & 13 nominations.,59,7.1
A Cinderella Story,2004,"Comedy, Family, Romance",95 min,6 wins & 8 nominations.,25,5.9
Maria Full of Grace,2004,"Crime, Drama",101 min,Nominated for 1 Oscar. Another 40 wins & 32 nominations.,87,7.5
Touch of Pink,2004,"Drama, Comedy, Romance",91 min,4 nominations.,46,6.6
,,,,,,
Flavors,2003,Comedy,118 min,1 win.,46,7.3
Freestyle: The Art of Rhyme,2000,"Documentary, Music",60 min,4 wins.,63,7.7
The Bourne Supremacy,2004,"Action, Thriller",108 min,5 wins & 21 nominations.,73,7.8
Catwoman,2004,"Action, Crime, Fantasy",104 min,7 wins & 6 nominations.,27,3.3
Festival Express,2003,"Documentary, History, Music",90 min,2 nominations.,85,7.6
A Home at the End of the World,2004,"Drama, Romance",97 min,1 win & 4 nominations.,59,6.8
,,,,,,
Ju-on: The Grudge,2002,Horror,92 min,1 win & 1 nomination.,48,6.7
Orwell Rolls in His Grave,2003,Documentary,84 min,N/A,49,8.1
Asambhav,2004,"Action, Adventure, Drama",139 min,1 nomination.,N/A,3.6
Free Radicals,1958,"Animation, Short, Musical",5 min,1 win.,N/A,6.3
Garden State,2004,"Comedy, Drama, Romance",102 min,13 wins & 37 nominations.,67,7.6
She Hate Me,2004,"Comedy, Drama",138 min,1 win & 6 nominations.,28,5.3
Los Angeles Plays Itself,2003,"Documentary, History",169 min,3 wins & 1 nomination.,86,8
The Village,2004,"Drama, Mystery, Romance",108 min,Nominated for 1 Oscar. Another 4 wins & 19 nominations.,44,6.5
The Manchurian Candidate,2004,"Drama, Mystery, Sci-Fi",129 min,Nominated for 1 Golden Globe. Another 1 win & 11 nominations.,76,6.6
,,,,,,
Thunderbirds,2004,"Action, Adventure, Comedy",95 min,N/A,36,4.2
Intimate Strangers,2004,"Drama, Romance, Thriller",104 min,3 nominations.,71,7.1
Mujhse Shaadi Karogi,2004,"Comedy, Romance",163 min,6 wins & 28 nominations.,N/A,6.9
Rosenstrasse,2003,"Drama, War",136 min,8 wins & 3 nominations.,49,6.8
Proteus,1995,"Horror, Sci-Fi, Thriller",97 min,N/A,N/A,3.6
Gozu,2003,"Crime, Drama, Horror",129 min,5 wins & 2 nominations.,58,7.1
RRRrrrr!!!,2004,"Comedy, Crime, Sci-Fi",94 min,N/A,N/A,5.8
Transfixed,2001,Drama,105 min,1 win & 1 nomination.,34,5.6
,,,,,,
Collateral,2004,"Crime, Drama, Thriller",120 min,Nominated for 2 Oscars. Another 22 wins & 64 nominations.,71,7.6
Open Water,2003,"Biography, Drama, Horror",79 min,2 wins & 6 nominations.,63,5.7
Little Black Book,2004,"Comedy, Romance, Drama",111 min,1 nomination.,36,5.2
Saints and Soldiers,2003,"Action, Adventure, Drama",90 min,16 wins & 2 nominations.,56,6.8
Outfoxed: Rupert Murdoch's War on Journalism,2004,Documentary,78 min,N/A,58,7.7
Code 46,2003,"Drama, Romance, Sci-Fi",93 min,4 wins & 10 nominations.,57,6.3
Last Life in the Universe,2003,"Comedy, Drama, Romance",112 min,8 wins & 11 nominations.,73,7.6
Stander,2003,"Action, Biography, Crime",111 min,3 nominations.,62,7.3
Bang Rajan,2000,"Action, Drama, History",71 min,3 wins & 1 nomination.,59,6.7
The Other World,2012,"Short, Adventure, Drama",N/A,N/A,N/A,N/A
The Princess Diaries 2: Royal Engagement,2004,"Comedy, Family, Romance",113 min,1 win & 2 nominations.,43,5.7
Danny Deckchair,2003,"Comedy, Romance",100 min,2 nominations.,56,6.8
Cowards Bend the Knee or The Blue Hands,2003,"Drama, Romance",60 min,1 win & 1 nomination.,82,7.1
CR: Alien vs. Predator,2007,Sci-Fi,N/A,N/A,N/A,6.8
,,,,,,
We Don't Live Here Anymore,2004,"Drama, Romance",101 min,2 wins & 4 nominations.,66,6.4
,,,,,,
L.A. Twister,2004,Comedy,92 min,3 wins.,29,6.3
,,,,,,
Anatomy 2,2003,"Horror, Sci-Fi, Thriller",101 min,1 win & 2 nominations.,46,5.1
The Life and Times of Allen Ginsberg Deluxe Set,2008,Documentary,680 min,N/A,N/A,7.1
Without a Paddle,2004,"Adventure, Comedy, Mystery",95 min,N/A,29,5.9
Exorcist: The Beginning,2004,"Horror, Mystery, Thriller",114 min,3 nominations.,30,5.1
Benji: Off the Leash!,2004,"Drama, Family",97 min,1 win.,49,4.5
Going the Distance,2004,"Comedy, Romance",93 min,1 nomination.,N/A,5.6
Nicotina,2003,"Action, Comedy, Crime",90 min,12 wins & 12 nominations.,49,6.7
Bright Young Things,2003,"Comedy, Drama, War",102 min,10 nominations.,64,6.7
Red Lights,2012,"Drama, Mystery, Thriller",114 min,2 nominations.,36,6.2
Mean Creek,2004,"Crime, Drama",90 min,4 wins & 4 nominations.,74,7.3
,,,,,,
Uncovered: The War on Iraq,2004,"Documentary, History, War",83 min,N/A,N/A,7.5
Bush's Brain,2004,Documentary,80 min,N/A,48,6.8
Almost Peaceful,2002,"Comedy, Drama, Romance",94 min,1 win & 1 nomination.,67,6.8
Fida,2004,"Romance, Thriller",122 min,N/A,N/A,5.5
It's Easier for a Camel...,2003,"Adventure, Comedy, Drama",110 min,4 wins & 4 nominations.,53,5.6
Bright Leaves,2003,"Documentary, Biography, Comedy",107 min,7 nominations.,79,7.2
Hero,2002,"Action, Adventure, History",99 min,Nominated for 1 Oscar. Another 33 wins & 30 nominations.,85,7.9
Anacondas: The Hunt for the Blood Orchid,2004,"Adventure, Horror",97 min,1 nomination.,40,4.6
,,,,,,
Suspect Zero,2004,"Crime, Thriller",99 min,N/A,37,5.9
,,,,,,
The Brown Bunny,2003,Drama,93 min,1 win & 3 nominations.,51,5
Dhoom,2004,"Action, Adventure, Thriller",129 min,11 wins & 22 nominations.,N/A,6.7
Crimson Rivers 2: Angels of the Apocalypse,2004,"Action, Crime, Thriller",97 min,N/A,N/A,5.9
Phir Milenge,2004,Drama,N/A,1 win & 5 nominations.,N/A,6.4
Grand Champion,2002,"Comedy, Family",93 min,N/A,N/A,4.4
Chooch,2003,"Comedy, Romance",81 min,N/A,17,3.9
,,,,,,
Brothers in Arms,2005,Western,85 min,N/A,N/A,2.3
Vanity Fair,2004,Drama,141 min,2 wins & 5 nominations.,53,6.2
Paparazzi,2004,"Action, Crime, Thriller",84 min,N/A,38,5.8
Wicker Park,2004,"Drama, Mystery, Romance",114 min,1 nomination.,40,7
The Cookout,2004,Comedy,97 min,2 nominations.,15,3.6
Tae Guk Gi: The Brotherhood of War,2004,"Action, Drama, War",140 min,10 wins & 7 nominations.,64,8.1
"Remember Me, My Love",2003,"Comedy, Romance, Drama",125 min,5 wins & 19 nominations.,53,6.5
Warriors of Heaven and Earth,2003,"Action, Adventure, Drama",120 min,8 wins & 12 nominations.,54,6.4
,,,,,,
Virgin,2003,Drama,114 min,4 wins & 4 nominations.,48,5.5
Persons of Interest,2009,"Short, Drama",43 min,N/A,N/A,8.1
Rockets Redglare!,2003,Documentary,89 min,1 win.,27,7.4
Big Girls Don't Cry,2002,Drama,87 min,2 nominations.,N/A,7.1
A Letter to True,2004,Documentary,78 min,N/A,51,6.6
Resident Evil: Apocalypse,2004,"Action, Horror, Sci-Fi",94 min,2 wins & 3 nominations.,35,6.2
Cellular,2004,"Action, Crime, Thriller",94 min,2 nominations.,60,6.5
Criminal,2004,"Comedy, Crime, Drama",87 min,N/A,61,6.4
Testosterone,2003,"Comedy, Drama",105 min,N/A,34,5.6
When Will I Be Loved,2004,"Drama, Thriller",81 min,N/A,39,4.5
Malevolence,2003,"Crime, Horror, Mystery",90 min,2 wins.,43,5.1
Reconstruction,2003,"Drama, Romance",90 min,12 wins & 10 nominations.,60,7.4
Sky Captain and the World of Tomorrow,2004,"Action, Adventure, Mystery",106 min,7 wins & 17 nominations.,64,6.1
Mr 3000,2004,"Comedy, Drama, Romance",104 min,1 win & 5 nominations.,57,5.5
Wimbledon,2004,"Comedy, Romance, Sport",98 min,1 nomination.,59,6.3
A Dirty Shame,2004,Comedy,89 min,1 win.,56,5.1
Ghost in the Shell 2: Innocence,2004,"Animation, Drama, Sci-Fi",100 min,6 wins & 8 nominations.,66,7.6
Silver City,2004,"Comedy, Drama, Mystery",128 min,1 win & 1 nomination.,47,6.1
National Lampoon's Gold Diggers,2003,"Comedy, Crime",90 min,N/A,6,2.9
Head in the Clouds,2004,"Drama, Romance, War",132 min,6 wins & 5 nominations.,40,6.6
Zelary,2003,"Romance, Drama",150 min,Nominated for 1 Oscar. Another 4 wins & 10 nominations.,66,7.7
Incident at Loch Ness,2004,"Adventure, Comedy, Horror",94 min,1 win.,62,6.6
,,,,,,
Cowboys and Angels,2000,"Comedy, Romance",97 min,N/A,N/A,6.4
,,,,,,
Crutch,2004,"Biography, Drama",89 min,N/A,N/A,5.5
Pauly Shore Is Dead,2003,Comedy,82 min,1 win.,N/A,4.6
Particles of Truth,2003,Drama,101 min,N/A,48,6.9
The Take,2009,"Crime, Drama, Thriller",N/A,1 win & 3 nominations.,N/A,8
The Forgotten,2004,"Drama, Horror, Mystery",91 min,7 nominations.,43,5.8
The Motorcycle Diaries,2004,"Adventure, Biography, Drama",126 min,Won 1 Oscar. Another 35 wins & 43 nominations.,75,7.8
Shaun of the Dead,2004,"Comedy, Horror",99 min,13 wins & 20 nominations.,76,8
First Daughter,2004,"Comedy, Drama, Romance",106 min,N/A,31,4.9
The Last Shot,2004,Comedy,93 min,N/A,47,5.7
The Yes Men,2003,"Documentary, Comedy",83 min,1 win & 2 nominations.,68,6.9
Guiana 1838,2004,Drama,120 min,1 win.,N/A,7.3
Infernal Affairs,2002,"Crime, Mystery, Thriller",101 min,23 wins & 21 nominations.,75,8.1
Hollywood Buddha,2003,"Drama, Comedy",99 min,N/A,42,5
Anatomy of Hell,2004,Drama,77 min,1 win.,29,4.5
The Raspberry Reich,2004,Comedy,90 min,2 wins.,45,5.6
Incantato,2003,"Drama, Romance, Comedy",107 min,3 wins & 10 nominations.,48,6.7
Rick,2003,"Comedy, Drama",100 min,1 win.,52,6.2
Mind the Gap,2007,"Comedy, Drama",103 min,N/A,N/A,5
The Hillside Strangler,2004,"Crime, Thriller",97 min,1 nomination.,19,5.3
Moog,2004,"Documentary, History, Music",72 min,1 win.,51,6.2
Shark Tale,2004,"Animation, Adventure, Comedy",90 min,Nominated for 1 Oscar. Another 3 wins & 15 nominations.,48,6
Ladder 49,2004,"Action, Drama, Thriller",115 min,1 win & 6 nominations.,47,6.5
I Heart Huckabees,2004,Comedy,107 min,3 wins & 10 nominations.,55,6.8
Woman Thou Art Loosed,2004,Drama,94 min,6 wins & 7 nominations.,55,6.9
Thérèse: The Story of Saint Thérèse of Lisieux,2004,"Biography, Drama",96 min,N/A,27,6.4
,,,,,,
Les aimants,2004,"Comedy, Romance",91 min,3 wins & 6 nominations.,N/A,6.9
Going Upriver: The Long War of John Kerry,2004,"Documentary, Biography, History",87 min,N/A,70,7.7
Dig!,2004,"Documentary, Music",107 min,2 wins & 1 nomination.,76,7.8
In the Face of Evil: Reagan's War in Word and Deed,2004,Documentary,110 min,N/A,39,6.2
Tying the Knot,2004,"Documentary, History, Romance",81 min,1 win.,65,7.6
,,,,,,
Taxi,1998,"Action, Comedy, Crime",86 min,3 wins & 5 nominations.,N/A,6.9
Tarnation,2003,"Documentary, Biography",88 min,9 wins & 10 nominations.,87,7.2
Friday Night Lights,2004,"Action, Drama, Sport",118 min,2 wins & 5 nominations.,70,7.3
Raise Your Voice,2004,"Family, Music, Romance",103 min,2 wins & 3 nominations.,33,5.9
Vera Drake,2004,"Crime, Drama",125 min,Nominated for 3 Oscars. Another 40 wins & 37 nominations.,83,7.7
Stage Beauty,2004,Drama,106 min,3 wins & 1 nomination.,64,7.2
Primer,2004,"Drama, Sci-Fi, Thriller",77 min,3 wins & 7 nominations.,68,7
Around the Bend,2004,"Comedy, Drama",85 min,4 wins & 3 nominations.,46,6.5
Baptists at Our Barbecue,2004,"Comedy, Romance",92 min,N/A,N/A,5.9
Vodka Lemon,2003,"Comedy, Drama",90 min,8 wins & 3 nominations.,69,6.7
Silent Waters,2003,Drama,99 min,7 wins & 2 nominations.,64,7.6
The Child I Never Was,2002,"Crime, Drama",86 min,3 wins & 1 nomination.,59,7.1
Untold Scandal,2003,Drama,124 min,6 wins & 3 nominations.,73,7.1
Shall We Dance,2004,"Comedy, Drama, Romance",106 min,7 nominations.,47,6.1
Team America: World Police,2004,"Action, Comedy",98 min,1 win & 11 nominations.,64,7.2
Being Julia,2004,"Comedy, Drama, Romance",104 min,Nominated for 1 Oscar. Another 8 wins & 18 nominations.,65,7.1
The Final Cut,2004,"Action, Sci-Fi, Thriller",95 min,1 win & 4 nominations.,43,6.2
Hair Show,2004,"Comedy, Romance",105 min,4 nominations.,34,5
Moolaadé,2004,Drama,124 min,6 wins & 10 nominations.,91,7.7
P.S.,2004,"Comedy, Drama, Fantasy",97 min,3 wins & 3 nominations.,55,6.3
,,,,,,
Face,1997,"Crime, Drama, Thriller",105 min,4 wins.,N/A,6.8
Eulogy,2004,"Comedy, Drama",91 min,N/A,34,6.7
,,,,,,
The Dust Factory,2004,"Drama, Family, Fantasy",99 min,N/A,48,6.2
Sex Is Comedy,2002,"Comedy, Drama, Romance",92 min,N/A,63,5.7
The Grudge,2004,"Fantasy, Horror, Mystery",91 min,2 wins & 10 nominations.,49,5.9
Sideways,2004,"Adventure, Comedy, Drama",126 min,Won 1 Oscar. Another 120 wins & 81 nominations.,94,7.6
Surviving Christmas,2004,"Comedy, Romance",91 min,1 win & 4 nominations.,19,5.3
Santa vs. the Snowman 3D,2002,"Animation, Short, Comedy",32 min,1 win.,N/A,6.7
The Machinist,2004,"Drama, Thriller",101 min,7 wins & 14 nominations.,61,7.7
Short Cut to Nirvana: Kumbh Mela,2004,Documentary,85 min,2 wins.,55,7.2
Lightning in a Bottle,2004,"Documentary, Music",103 min,1 win & 2 nominations.,78,7.6
Undertow,2004,"Drama, Thriller",108 min,3 wins & 6 nominations.,63,6.7
,,,,,,
Hearts and Minds,1974,"Documentary, War",112 min,Won 1 Oscar. Another 3 wins & 1 nomination.,68,8.4
,,,,,,
The Manson Family,1997,"Crime, Drama, History",95 min,1 nomination.,56,5.5
Evil Remains,2004,"Horror, Thriller",88 min,N/A,N/A,4.1
Stella Street,2004,Comedy,80 min,2 wins.,41,5.8
Ray,2004,"Biography, Drama, Music",152 min,Won 2 Oscars. Another 52 wins & 51 nominations.,73,7.7
Saw,2004,"Horror, Mystery",103 min,8 wins & 10 nominations.,46,7.7
Birth,2004,"Drama, Mystery, Romance",100 min,Nominated for 1 Golden Globe. Another 2 wins & 16 nominations.,50,6.1
Enduring Love,2004,"Drama, Mystery, Romance",100 min,4 wins & 12 nominations.,61,6.4
Voices of Iraq,2004,"Documentary, War",80 min,N/A,66,6.4
A Silent Love,2004,"Comedy, Drama, Romance",100 min,3 wins & 6 nominations.,62,7
It's All About Love,2003,"Drama, Thriller, Romance",104 min,3 wins.,32,5.5
800 Bullets,2002,"Action, Comedy, Drama",124 min,3 wins & 5 nominations.,51,6.4
The Incredibles,2004,"Animation, Action, Adventure",115 min,Won 2 Oscars. Another 59 wins & 53 nominations.,90,8
Alfie,2004,"Comedy, Drama, Romance",103 min,Won 1 Golden Globe. Another 5 wins & 7 nominations.,49,6.2
Fade to Black,1980,"Comedy, Horror, Thriller",102 min,2 wins & 7 nominations.,N/A,5.9
Callas Forever,2002,"Biography, Drama, Music",111 min,2 nominations.,49,6.6
Bear Cub,2004,"Comedy, Drama",99 min,4 wins & 2 nominations.,63,7.4
Brother to Brother,2004,Drama,94 min,8 wins & 8 nominations.,57,7
,,,,,,
Intoxicating,2003,"Drama, Thriller",109 min,N/A,38,5.1
"Still, the Children Are Here",2004,Documentary,85 min,N/A,N/A,6
The Polar Express,2004,"Animation, Adventure, Family",100 min,Nominated for 3 Oscars. Another 5 wins & 21 nominations.,61,6.6
Veer-Zaara,2004,"Drama, Musical, Romance",192 min,21 wins & 29 nominations.,67,7.9
Finding Neverland,2004,"Biography, Drama, Family",106 min,Won 1 Oscar. Another 20 wins & 77 nominations.,67,7.8
Bridget Jones: The Edge of Reason,2004,"Comedy, Drama, Romance",108 min,Nominated for 1 Golden Globe. Another 7 nominations.,44,5.9
After the Sunset,2004,"Action, Comedy, Crime",97 min,1 nomination.,38,6.3
Seed of Chucky,2004,"Comedy, Fantasy, Horror",87 min,1 win & 6 nominations.,46,4.9
Kinsey,2004,"Biography, Drama",118 min,Nominated for 1 Oscar. Another 17 wins & 48 nominations.,79,7.1
Aitraaz,2004,"Drama, Thriller",160 min,5 wins & 12 nominations.,N/A,6.8
,,,,,,
Who Killed Bambi?,2003,"Thriller, Drama",126 min,3 nominations.,47,6.1
Master of the Game,1984,Drama,413 min,N/A,N/A,7.4
Bright Future,2003,Drama,92 min,5 wins & 1 nomination.,64,6.9
National Treasure,2004,"Action, Adventure, Comedy",131 min,1 win & 9 nominations.,39,6.9
The SpongeBob SquarePants Movie,2004,"Animation, Adventure, Comedy",87 min,1 win & 10 nominations.,66,7
Bad Education,2004,"Crime, Drama, Mystery",106 min,Nominated for 1 BAFTA Film Award. Another 15 wins & 38 nominations.,81,7.5
La fin de la Nouvelle-France,2009,Documentary,86 min,N/A,N/A,6.9
Days of Being Wild,1990,"Crime, Drama, Romance",94 min,17 wins & 9 nominations.,96,7.6
Fear and Trembling,2003,"Comedy, Drama",107 min,5 wins & 2 nominations.,75,7.1
You I Love,2004,Comedy,83 min,1 win.,54,6.5
Christmas with the Kranks,2004,"Comedy, Family",99 min,2 wins & 1 nomination.,22,5.2
Alexander,2004,"Action, Adventure, Biography",175 min,3 wins & 11 nominations.,39,5.5
The Work and the Glory,2004,"Romance, Drama",118 min,N/A,N/A,6.9
Paper Clips,2004,"Documentary, War",82 min,10 wins & 1 nomination.,64,7.4
Notre musique,2004,Drama,80 min,1 win & 5 nominations.,77,7
A Very Long Engagement,2004,"Drama, Mystery, Romance",133 min,Nominated for 2 Oscars. Another 17 wins & 33 nominations.,76,7.7
Guerrilla: The Taking of Patty Hearst,2004,"Documentary, History, Mystery",89 min,1 nomination.,N/A,7.4
Straight-Jacket,2004,Comedy,96 min,1 win.,50,6.7
,,,,,,
Easy,2003,"Comedy, Romance, Drama",99 min,1 nomination.,47,5.9
Purple Butterfly,2003,"Drama, History, War",127 min,1 win & 5 nominations.,68,6
Closer,2004,"Drama, Romance",104 min,Nominated for 2 Oscars. Another 19 wins & 45 nominations.,65,7.3
House of Flying Daggers,2004,"Action, Adventure, Drama",119 min,Nominated for 1 Oscar. Another 19 wins & 60 nominations.,89,7.6
I Am David,2003,Drama,90 min,8 wins & 1 nomination.,47,7.3
A Tale of Two Sisters,2003,"Drama, Horror, Mystery",115 min,15 wins & 2 nominations.,65,7.3
After Midnight,2004,"Comedy, Romance",92 min,9 wins & 15 nominations.,56,6.9
WMD: Weapons of Mass Deception,2004,Documentary,98 min,1 win.,60,7.7
Conspiracy of Silence,2003,"Crime, Drama, Thriller",90 min,2 wins & 3 nominations.,46,6.6
"Jesus, You Know",2003,Documentary,87 min,3 wins & 1 nomination.,67,6.8
Blade: Trinity,2004,"Action, Adventure, Fantasy",113 min,1 nomination.,38,5.9
Born Into Brothels: Calcutta's Red Light Kids,2004,Documentary,85 min,Won 1 Oscar. Another 20 wins & 5 nominations.,78,7.5
Ocean's Twelve,2004,"Crime, Thriller",125 min,2 wins & 8 nominations.,58,6.4
The Life Aquatic with Steve Zissou,2004,"Adventure, Comedy, Drama",119 min,3 wins & 10 nominations.,62,7.3
Fabled,2002,"Drama, Mystery, Thriller",84 min,N/A,N/A,5.8
A Talking Picture,2003,"Comedy, Drama, History",96 min,1 win & 2 nominations.,75,6.7
Dolls,2002,"Drama, Romance",114 min,3 wins & 6 nominations.,71,7.7
Bandido,1956,"Action, Adventure, War",92 min,N/A,N/A,6.2
The Green Butchers,2003,"Comedy, Drama",100 min,7 wins & 8 nominations.,54,7.3
Shwaas,2004,Drama,107 min,3 wins & 1 nomination.,36,8.1
Freeze Frame,2004,"Thriller, Crime, Drama",99 min,4 wins & 3 nominations.,55,6.5
Million Dollar Baby,2004,"Drama, Sport",132 min,Won 4 Oscars. Another 60 wins & 80 nominations.,86,8.1
,,,,,,
The Aviator,2004,"Biography, Drama",170 min,Won 5 Oscars. Another 73 wins & 111 nominations.,77,7.5
Spanglish,2004,"Comedy, Drama, Romance",131 min,Nominated for 1 Golden Globe. Another 5 wins & 9 nominations.,48,6.5
Flight of the Phoenix,2004,"Action, Adventure, Drama",113 min,2 nominations.,47,6.1
Beyond the Sea,2004,"Biography, Drama, Music",118 min,Nominated for 1 Golden Globe. Another 4 nominations.,46,6.7
The Sea Inside,2004,"Biography, Drama, Romance",125 min,Won 1 Oscar. Another 65 wins & 34 nominations.,74,8.1
Swades,2004,Drama,189 min,12 wins & 23 nominations.,N/A,8.3
Ma vie en cinémascope,2004,"Biography, Drama, Musical",105 min,7 wins & 10 nominations.,N/A,6.7
Imaginary Heroes,2004,"Comedy, Drama",111 min,1 win & 2 nominations.,53,7.3
Whore,1991,Drama,85 min,N/A,N/A,5.5
Open My Heart,2002,Drama,93 min,2 wins & 1 nomination.,27,5
Meet the Fockers,2004,"Comedy, Romance",115 min,2 wins & 6 nominations.,41,6.3
The Phantom of the Opera,2004,"Drama, Musical, Romance",143 min,Nominated for 3 Oscars. Another 6 wins & 35 nominations.,40,7.4
Hotel Rwanda,2004,"Drama, History, War",121 min,Nominated for 3 Oscars. Another 16 wins & 42 nominations.,79,8.1
In the Realms of the Unreal,2004,"Documentary, Biography",81 min,Nominated for 1 Primetime Emmy. Another 2 wins & 5 nominations.,74,7.4
Producing Adults,2004,"Comedy, Drama",102 min,3 wins & 9 nominations.,N/A,6.3
The Woodsman,2004,Drama,87 min,7 wins & 18 nominations.,72,7.2
Fat Albert,2004,"Comedy, Family, Fantasy",93 min,1 nomination.,39,4.3
Darkness,2002,Horror,88 min,2 wins & 3 nominations.,15,5.4
In Good Company,2004,"Comedy, Drama, Romance",109 min,2 wins & 7 nominations.,66,6.5
,,,,,,
The Assassination of Richard Nixon,2004,"Biography, Drama",95 min,2 wins & 4 nominations.,63,7
A Love Song for Bobby Long,2004,Drama,119 min,Nominated for 1 Golden Globe. Another 2 nominations.,48,7.2
Sky Blue,2003,"Action, Fantasy, Animation",86 min,1 win & 1 nomination.,53,6.8
Paranormal Activity: The Marked Ones,2014,"Fantasy, Horror, Thriller",84 min,2 nominations.,42,5
The Best Offer,2013,"Crime, Drama, Mystery",131 min,19 wins & 21 nominations.,49,7.8
Interior. Leather Bar.,2013,Drama,60 min,2 nominations.,47,5.2
In No Great Hurry: 13 Lessons in Life with Saul Leiter,2014,Documentary,75 min,N/A,N/A,7.5
Beyond Outrage,2012,"Action, Crime, Drama",112 min,3 wins & 6 nominations.,53,6.7
The Great Flood,2012,"Documentary, History, Music",80 min,N/A,75,7.1
The Legend of Hercules,2014,"Action, Adventure, Fantasy",99 min,1 win & 7 nominations.,22,4.2
,,,,,,
Evangelion: 3.0 You Can (Not) Redo,2012,"Animation, Action, Drama",96 min,2 nominations.,N/A,7.1
,,,,,,
The Rocket,2013,Drama,96 min,28 wins & 30 nominations.,72,7.4
In Bloom,2013,Drama,102 min,29 wins & 7 nominations.,72,7.8
If You Build It,2013,Documentary,85 min,1 win.,59,7.2
Cold Comes the Night,2013,"Crime, Drama, Thriller",90 min,1 nomination.,37,5.7
Raze,2013,"Action, Horror",92 min,2 wins & 2 nominations.,41,5.2
The Adventurer: The Curse of the Midas Box,2013,"Adventure, Family, Fantasy",100 min,N/A,39,5.4
Return to Nuke 'Em High Volume 1,2013,"Comedy, Horror, Sci-Fi",85 min,N/A,40,5.5
The Truth About Emanuel,2013,"Drama, Thriller",91 min,5 wins & 1 nomination.,41,6
The Wait,2013,"Drama, Thriller",96 min,3 nominations.,34,4.7
Generation War,2013,"Drama, History, War",270 min,19 wins & 9 nominations.,57,8.5
Ride Along,2014,"Action, Comedy, Crime",99 min,1 win & 7 nominations.,41,6.2
The Nut Job,2014,"Animation, Adventure, Comedy",85 min,1 win & 4 nominations.,37,5.8
Jack Ryan: Shadow Recruit,2014,"Action, Drama, Thriller",105 min,2 nominations.,57,6.2
Devil's Due,2014,"Horror, Mystery",89 min,2 nominations.,34,4
,,,,,,
American Mustang,2013,"Documentary, Family, Western",72 min,N/A,N/A,7.8
Big Bad Wolves,2013,"Crime, Thriller",110 min,16 wins & 13 nominations.,64,6.8
Will You Still Love Me Tomorrow?,2013,"Comedy, Drama",104 min,1 win & 7 nominations.,56,6.8
Life of a King,2013,Drama,100 min,1 nomination.,52,6.9
Indigo Children,2012,Drama,75 min,1 win.,N/A,8
Summer in February,2013,"Biography, Drama, Romance",100 min,1 win & 2 nominations.,22,5.6
Anohana the Movie: The Flower We Saw That Day,2013,"Animation, Drama, Fantasy",99 min,N/A,N/A,7.4
Knights of Badassdom,2013,"Adventure, Comedy, Fantasy",86 min,2 nominations.,N/A,5.7
"I, Frankenstein",2014,"Action, Fantasy, Sci-Fi",92 min,1 nomination.,30,5.2
,,,,,,
Gimme Shelter,1970,"Documentary, Music, Thriller",91 min,3 wins.,80,7.9
Jai Ho,2014,"Action, Drama",135 min,5 nominations.,N/A,5.5
Stranger by the Lake,2013,"Drama, Thriller",100 min,17 wins & 36 nominations.,82,6.9
The Visitors,2014,"Animation, Short, Comedy",1 min,1 win.,N/A,N/A
,,,,,,
Aatsinki: The Story of Arctic Cowboys,2013,"Documentary, Biography, Western",84 min,3 nominations.,75,6.8
Papirosen,2011,Documentary,74 min,2 wins & 2 nominations.,80,6.8
Mercedes Sosa: The Voice of Latin America,2013,Documentary,90 min,2 wins.,50,7.4
That Awkward Moment,2014,"Comedy, Romance",94 min,1 win & 2 nominations.,36,6.1
Labor Day,2013,Drama,111 min,Nominated for 1 Golden Globe. Another 5 nominations.,52,6.9
,,,,,,
Tim's Vermeer,2013,"Documentary, History",80 min,Nominated for 1 BAFTA Film Award. Another 1 win & 5 nominations.,76,7.9
12 O'Clock Boys,2013,"Documentary, Biography, Crime",76 min,4 wins & 6 nominations.,68,6.4
At Middleton,2013,"Comedy, Romance",99 min,3 wins & 1 nomination.,60,6.5
Peter Brook: The Tightrope,2012,"Documentary, Biography, Drama",86 min,N/A,57,7.4
Love Is in the Air,2013,"Comedy, Romance",96 min,1 nomination.,49,6.4
Afternoon of a Faun,1937,"Short, Animation",N/A,N/A,N/A,N/A
The Lego Movie,2014,"Animation, Action, Adventure",100 min,Nominated for 1 Oscar. Another 67 wins & 58 nominations.,83,7.8
The Monuments Men,2014,"Drama, War",118 min,3 wins & 2 nominations.,52,6.1
Vampire Academy,2014,"Action, Comedy, Fantasy",104 min,2 nominations.,30,5.6
Hasee Toh Phasee,2014,"Comedy, Romance",141 min,14 nominations.,N/A,6.9
The Attorney,2013,Drama,127 min,10 wins & 25 nominations.,55,7.7
Sinbad: The Fifth Voyage,2014,"Action, Adventure, Fantasy",89 min,N/A,N/A,6
Kids for Cash,2013,"Documentary, Crime, Drama",102 min,N/A,75,7.1
,,,,,,
The Last of the Unjust,2013,Documentary,220 min,3 nominations.,80,7.2
7 Boxes,2012,Thriller,105 min,6 wins & 7 nominations.,72,7.2
A Field in England,2013,"Drama, History, Horror",90 min,1 win & 8 nominations.,73,6.3
The Pretty One,2013,"Comedy, Drama",90 min,2 wins & 2 nominations.,53,6.3
,,,,,,
Cavemen,2013,Comedy,88 min,N/A,19,5.3
Demi-soeur,2013,Comedy,90 min,N/A,24,5.1
,,,,,,
,,,,,,
,,,,,,
Winter's Tale,2014,"Drama, Fantasy, Mystery",118 min,2 nominations.,31,6.2
Beijing Love Story,2014,"Drama, Romance",121 min,1 nomination.,44,5.9
Girl on a Bicycle,2013,"Comedy, Drama, Romance",101 min,N/A,32,6.3
,,,,,,
Jimmy P.,2013,Drama,117 min,6 nominations.,58,6.1
Adult World,2013,Comedy,97 min,1 nomination.,61,6.1
Child's Pose,2013,Drama,112 min,12 wins & 6 nominations.,77,7.5
3 Days to Kill,2014,"Action, Drama, Thriller",117 min,N/A,40,6.2
Pompeii,2014,"Action, Adventure, Drama",105 min,8 wins & 4 nominations.,39,5.6
The Wind Rises,2013,"Animation, Biography, Drama",126 min,Nominated for 1 Oscar. Another 26 wins & 45 nominations.,83,7.8
,,,,,,
In Secret,2013,"Crime, Drama, Thriller",107 min,1 nomination.,47,6.1
Omar,2013,"Drama, Thriller",96 min,Nominated for 1 Oscar. Another 10 wins & 10 nominations.,75,7.6
Elaine Stritch: Shoot Me,2013,Documentary,81 min,1 win & 5 nominations.,81,7.5
Southern Baptist Sissies,2013,Drama,138 min,1 win.,N/A,8
Barefoot,2014,"Comedy, Drama, Romance",90 min,1 nomination.,22,6.6
Almost Human,2013–2014,"Action, Crime, Drama",60 min,Nominated for 1 Primetime Emmy. Another 2 wins & 2 nominations.,N/A,8.1
Black Out,2012,"Action, Comedy, Crime",92 min,5 nominations.,37,6.4
Souldier,2013,Documentary,72 min,N/A,N/A,N/A
Non-Stop,2014,"Action, Mystery, Thriller",106 min,1 nomination.,56,7
Son of God,2014,"Biography, Drama, History",138 min,2 wins & 1 nomination.,37,5.6
The Lunchbox,2013,"Drama, Romance",104 min,Nominated for 1 BAFTA Film Award. Another 28 wins & 35 nominations.,76,7.8
Anchorman 2: The Legend Continues,2013,Comedy,119 min,1 win & 23 nominations.,61,6.3
Repentance,1984,"Comedy, Drama",153 min,Nominated for 1 Golden Globe. Another 11 wins & 1 nomination.,N/A,8.5
Stalingrad,2013,"Action, Drama, War",131 min,6 wins & 8 nominations.,49,5.6
Shaadi Ke Side Effects,2014,"Comedy, Romance",145 min,N/A,N/A,5.7
Ernest & Celestine,2012,"Animation, Comedy, Crime",80 min,Nominated for 1 Oscar. Another 14 wins & 11 nominations.,86,7.9
The Bag Man,2014,"Crime, Drama, Thriller",108 min,N/A,28,5.3
Two Lives,2012,"Drama, Thriller",97 min,7 wins & 7 nominations.,62,7.1
,,,,,,
Short Peace,2013,"Animation, Fantasy, Sci-Fi",68 min,2 nominations.,N/A,7
Particle Fever,2013,Documentary,99 min,4 wins & 3 nominations.,87,7.4
Mr. Peabody & Sherman,2014,"Animation, Adventure, Comedy",92 min,2 wins & 16 nominations.,59,6.9
300: Rise of an Empire,2014,"Action, Drama, Fantasy",102 min,1 win & 5 nominations.,48,6.3
The Grand Budapest Hotel,2014,"Adventure, Comedy, Drama",99 min,Won 4 Oscars. Another 117 wins & 208 nominations.,88,8.1
The Face of Love,2013,"Drama, Romance",92 min,1 nomination.,51,6.2
Bethlehem,2013,"Drama, Thriller",99 min,9 wins & 8 nominations.,68,7.2
Beyond Sight: The Derek Rabelo Story,2014,"Documentary, Adventure, Family",84 min,N/A,N/A,9
Grand Piano,2013,"Music, Mystery, Thriller",90 min,5 wins & 12 nominations.,61,5.9
Journey to the West,2013,"Action, Adventure, Comedy",110 min,1 win & 12 nominations.,68,6.8
War of the Worlds: Goliath,2012,"Animation, Action, Adventure",85 min,N/A,33,5.5
Special ID,2013,"Action, Crime, Drama",99 min,1 nomination.,47,5.5
The Only Real Game,2013,"Documentary, Sport",82 min,1 win.,69,8
Skinless,2013,Horror,80 min,N/A,N/A,5.5
Need for Speed,2014,"Action, Crime, Drama",132 min,1 win & 1 nomination.,39,6.5
,,,,,,
Bad Words,2013,"Comedy, Drama",89 min,2 wins & 4 nominations.,57,6.7
Veronica Mars,2004–2007,"Crime, Drama, Mystery",44 min,4 wins & 19 nominations.,N/A,8.4
Le Week-End,2013,"Comedy, Drama, Romance",93 min,2 wins & 10 nominations.,73,6.3
Enemy,2013,"Mystery, Thriller",91 min,15 wins & 25 nominations.,61,6.8
On My Way,2013,"Comedy, Drama",116 min,1 win & 5 nominations.,60,6.4
Better Living Through Chemistry,2014,"Comedy, Drama",91 min,N/A,40,6.3
The Art of the Steal,2013,"Comedy, Crime",90 min,5 nominations.,53,6.3
Big Men,2013,Documentary,99 min,1 win & 3 nominations.,90,7.3
The Retrieval,2013,"Drama, History, Western",92 min,9 wins & 3 nominations.,75,6.6
Shirin in Love,2014,"Comedy, Romance",104 min,N/A,29,5.2
Teenage,2013,"Documentary, History",78 min,4 nominations.,64,6.5
,,,,,,
The Word,2014,"Drama, Thriller",97 min,3 nominations.,N/A,5.2
The Right Kind of Wrong,2013,"Comedy, Romance",97 min,1 win & 1 nomination.,30,6.2
Infliction,2014,Horror,100 min,1 win.,N/A,5
The Missing Picture,2013,Documentary,92 min,Nominated for 1 Oscar. Another 8 wins & 13 nominations.,87,7.4
Divergent,2014,"Adventure, Mystery, Sci-Fi",139 min,7 wins & 10 nominations.,48,6.8
God's Not Dead,2014,Drama,113 min,N/A,16,5
Muppets Most Wanted,2014,"Adventure, Comedy, Crime",107 min,3 wins & 9 nominations.,61,6.5
50 to 1,2014,Drama,110 min,N/A,37,6.6
,,,,,,
Jodorowsky's Dune,2013,"Documentary, Biography, History",88 min,10 wins & 25 nominations.,79,8.1
Rob the Mob,2014,"Crime, Drama",104 min,N/A,63,6.3
Anita,2009,Drama,104 min,1 win & 6 nominations.,N/A,7.3
Just a Sigh,2013,"Drama, Romance",104 min,5 wins & 1 nomination.,58,6.5
Cheap Thrills,2013,"Comedy, Crime, Drama",88 min,8 wins & 7 nominations.,63,6.8
A Birder's Guide to Everything,2013,Comedy,86 min,2 wins & 1 nomination.,61,6.3
,,,,,,
It Felt Like Love,2013,Drama,82 min,2 wins & 11 nominations.,76,5.5
The French Minister,2013,Comedy,113 min,3 wins & 10 nominations.,65,6.4
Gang of Ghosts,2014,"Comedy, Drama",128 min,N/A,N/A,3.8
,,,,,,
McCanick,2013,"Crime, Drama, Mystery",96 min,N/A,28,4.8
Noah,2014,"Action, Adventure, Drama",138 min,Nominated for 1 Golden Globe. Another 16 nominations.,68,5.8
,,,,,,
Cesar Chavez,2014,Biography,102 min,5 wins & 2 nominations.,51,6.5
The Raid 2,2014,"Action, Crime, Thriller",150 min,2 wins & 9 nominations.,71,8
Finding Vivian Maier,2013,"Documentary, Biography, Mystery",83 min,Nominated for 1 Oscar. Another 11 wins & 19 nominations.,75,7.7
Mistaken for Strangers,2013,"Documentary, Comedy, Music",75 min,2 wins & 2 nominations.,72,7.3
Breathe In,2013,"Drama, Romance",98 min,3 nominations.,60,6.4
Veil of Tears,2014,"Documentary, Drama, News",90 min,N/A,N/A,9.2
Dishkiyaoon,2014,"Action, Thriller",119 min,N/A,N/A,5.2
"No God, No Master",2013,"Crime, Drama, History",94 min,1 win & 1 nomination.,48,5.9
Jews of Egypt,2013,Documentary,N/A,N/A,N/A,7.8
Hide Your Smiling Faces,2013,Drama,81 min,8 wins & 6 nominations.,69,6.1
Locker 13,2014,Thriller,90 min,N/A,22,4.7
Refuge,2012,Drama,84 min,N/A,34,5.8
Dom Hemingway,2013,"Comedy, Crime, Drama",93 min,N/A,55,6.2
Captain America: The Winter Soldier,2014,"Action, Adventure, Sci-Fi",136 min,Nominated for 1 Oscar. Another 4 wins & 49 nominations.,70,7.8
Island of Lemurs: Madagascar,2014,"Documentary, Short, Adventure",39 min,2 nominations.,66,7.1
Under the Skin,2013,"Drama, Sci-Fi, Thriller",108 min,Nominated for 1 BAFTA Film Award. Another 23 wins & 93 nominations.,78,6.3
Frankie & Alice,2010,"Biography, Drama",101 min,Nominated for 1 Golden Globe. Another 5 wins & 4 nominations.,47,6.5
,,,,,,
The Unknown Known,2013,"Documentary, Biography, History",103 min,2 wins & 7 nominations.,69,7
Main Tera Hero,2014,"Action, Comedy, Romance",128 min,1 win & 3 nominations.,N/A,5.3
The Galapagos Affair: Satan Came to Eden,2013,"Documentary, Biography, Crime",120 min,3 nominations.,67,6.8
Jinn,2014,Thriller,97 min,N/A,24,4.2
,,,,,,
Afflicted,2013,"Horror, Mystery, Thriller",85 min,5 wins & 6 nominations.,56,6.3
Watermark,2003,"Crime, Drama, Mystery",76 min,N/A,N/A,8.7
Ilo Ilo,2013,Drama,99 min,27 wins & 13 nominations.,85,7.3
,,,,,,
Alien Abduction,2014,"Horror, Sci-Fi, Thriller",85 min,N/A,47,4.8
The Players,2012,Comedy,109 min,N/A,43,5.3
On the Other Side of the Tracks,2012,"Action, Comedy, Crime",96 min,N/A,N/A,5.8
Flex Is Kings,2013,Documentary,80 min,N/A,54,5.7
Rio 2,2014,"Animation, Adventure, Comedy",101 min,1 win & 19 nominations.,49,6.4
Draft Day,2014,"Drama, Sport",110 min,1 nomination.,54,6.8
Oculus,2013,Horror,104 min,3 wins & 14 nominations.,61,6.5
The Railway Man,2013,"Biography, Drama, Romance",116 min,7 wins & 19 nominations.,59,7.1
Only Lovers Left Alive,2013,"Drama, Horror, Romance",123 min,9 wins & 37 nominations.,79,7.3
Joe,2014,"Short, Comedy, Drama",17 min,N/A,N/A,N/A
Dancing in Jaffa,2013,Documentary,90 min,2 wins & 1 nomination.,74,6.4
Redwood Highway,2013,Drama,90 min,N/A,N/A,6.4
Cuban Fury,2014,"Comedy, Romance, Sport",98 min,1 win.,52,6.2
Hateship Loveship,2013,"Drama, Romance",104 min,N/A,59,6.1
Hank and Asha,2013,"Comedy, Romance",73 min,10 wins & 4 nominations.,45,6.4
The Butterfly Room,2012,"Horror, Thriller",87 min,1 win & 1 nomination.,N/A,5.6
Heaven Is for Real,2014,Drama,99 min,2 nominations.,47,5.8
Transcendence,2014,"Drama, Mystery, Romance",119 min,2 wins & 5 nominations.,42,6.3
Bears,2014,Documentary,78 min,2 nominations.,68,7.4
A Haunted House 2,2014,"Comedy, Fantasy",86 min,N/A,17,4.7
Fading Gigolo,2013,Comedy,90 min,2 wins & 1 nomination.,58,6.2
2 States,2014,"Comedy, Drama, Romance",149 min,1 win & 20 nominations.,N/A,7.1
That Demon Within,2014,"Action, Crime",111 min,1 win & 7 nominations.,51,6
,,,,,,
Make Your Move,2013,"Drama, Musical, Romance",110 min,N/A,40,5.7
Manakamana,2013,Documentary,118 min,6 wins & 12 nominations.,86,6.7
Tasting Menu,2013,Comedy,85 min,1 nomination.,29,5.8
13 Sins,2014,"Horror, Thriller",93 min,2 nominations.,44,6.3
The Final Member,2012,"Documentary, Comedy, Drama",75 min,3 nominations.,67,6.6
Kid Cannabis,2014,"Biography, Comedy, Crime",110 min,1 nomination.,54,6.4
,,,,,,
"Half The Road: The Passion, Pitfalls & Power of Women's Professional Cycling",2014,"Documentary, News, Sport",112 min,N/A,N/A,8.8
Gringo Trails,2013,"Documentary, Adventure, Drama",79 min,N/A,N/A,7.8
Bicycling with Molière,2013,"Comedy, Drama",104 min,1 win & 4 nominations.,61,6.7
The Other Woman,2014,"Comedy, Romance",109 min,3 wins & 4 nominations.,39,6
Brick Mansions,2014,"Action, Crime, Drama",90 min,1 nomination.,40,5.7
The Quiet Ones,2014,Horror,98 min,6 nominations.,41,5.1
Locke,2013,Drama,85 min,7 wins & 31 nominations.,81,7.1
Walking with the Enemy,2013,"Action, Drama, History",124 min,1 win.,44,5.5
The German Doctor,2013,"Drama, History, Thriller",93 min,18 wins & 22 nominations.,62,6.8
Blue Ruin,2013,"Crime, Drama, Thriller",90 min,7 wins & 15 nominations.,77,7.1
For No Good Reason,2012,"Documentary, Biography, History",89 min,2 nominations.,56,7
Young and Beautiful,1934,"Comedy, Romance",68 min,N/A,N/A,7.4
Next Goal Wins,2014,"Documentary, Sport",97 min,2 wins & 2 nominations.,71,7.9
Beneath the Harvest Sky,2013,Drama,116 min,2 wins.,62,6.2
,,,,,,
Bright Days Ahead,2013,"Drama, Romance",94 min,2 nominations.,57,6.2
Who is Dayani Cristal?,2013,Documentary,85 min,3 wins & 4 nominations.,55,6.9
Last Passenger,2013,"Action, Mystery, Thriller",97 min,3 nominations.,66,5.7
The Amazing Spider-Man 2,2014,"Action, Adventure, Fantasy",142 min,3 wins & 28 nominations.,53,6.8
Belle,2013,"Drama, Romance",104 min,12 wins & 26 nominations.,64,7.4
Ida,2013,Drama,82 min,Won 1 Oscar. Another 64 wins & 80 nominations.,91,7.4
Water & Power,2013,"Crime, Drama",88 min,N/A,N/A,6.4
Walk of Shame,2014,Comedy,95 min,N/A,25,6
NOW: In the Wings on a World Stage,2014,Documentary,97 min,N/A,55,7.2
Decoding Annie Parker,2013,Drama,91 min,4 wins & 7 nominations.,56,6.3
For a Woman,2013,Drama,110 min,1 win & 1 nomination.,59,6.5
Documented,2013,"Documentary, Biography, Family",89 min,2 wins & 2 nominations.,61,6.6
,,,,,,
More Than the Rainbow,2012,Documentary,82 min,N/A,67,7.8
Sol LeWitt,2012,"Documentary, Biography",87 min,N/A,83,5.3
Neighbors,2014,Comedy,97 min,6 wins & 11 nominations.,68,6.4
Chef,2014,"Comedy, Drama",114 min,2 wins & 2 nominations.,68,7.3
Moms' Night Out,2014,Comedy,98 min,N/A,25,5.4
Legends of Oz: Dorothy's Return,2013,"Animation, Family, Fantasy",88 min,1 win & 5 nominations.,25,5.7
Fed Up,2014,Documentary,92 min,1 nomination.,71,7.7
Palo Alto,2013,Drama,100 min,4 nominations.,69,6.3
The Hornet's Nest,2014,"Documentary, Action, History",93 min,N/A,61,6.5
The Double,2014,"Short, Comedy, Mystery",4 min,N/A,N/A,N/A
God's Pocket,2014,"Crime, Drama",88 min,1 nomination.,51,6.1
Queen Margot,1994,"Biography, Drama, History",159 min,Nominated for 1 Oscar. Another 9 wins & 12 nominations.,N/A,7.5
In the House of Flies,2012,Thriller,89 min,5 wins.,N/A,5.7
,,,,,,
Horses of God,2012,Drama,115 min,6 wins & 2 nominations.,76,7.3
,,,,,,
Million Dollar Arm,2014,"Biography, Drama, Sport",124 min,1 win & 2 nominations.,56,7.1
The Immigrant,2013,"Drama, Romance",120 min,15 wins & 30 nominations.,77,6.6
Chinese Puzzle,2013,"Comedy, Drama, Romance",117 min,2 nominations.,64,7
Half of a Yellow Sun,2013,"Drama, Romance",111 min,3 nominations.,51,6.2
The Discoverers,2012,Comedy,104 min,8 wins.,62,5.6
Ai Weiwei: The Fake Case,2013,"Documentary, Drama",86 min,2 wins & 1 nomination.,73,6.5
A Long Way Off,2014,"Drama, Family, Romance",105 min,1 win.,N/A,4.6
The Pleasures of Being Out of Step,2013,"Documentary, Biography, History",87 min,1 win.,68,7.8
,,,,,,
A People Uncounted,2011,"Documentary, History, Music",99 min,2 wins & 11 nominations.,72,8
X-Men: Days of Future Past,2014,"Action, Adventure, Sci-Fi",132 min,Nominated for 1 Oscar. Another 12 wins & 41 nominations.,74,8
Blended,2014,"Comedy, Romance",117 min,11 nominations.,31,6.5
Words and Pictures,2013,"Comedy, Drama, Romance",111 min,1 nomination.,49,6.6
Kochadaiiyaan,2014,"Animation, Action, Adventure",124 min,1 nomination.,N/A,6.7
Cold in July,2014,"Crime, Thriller",109 min,1 win & 7 nominations.,73,6.8
The Dance of Reality,2013,"Biography, Drama, Fantasy",133 min,2 wins & 6 nominations.,76,7.5
The Love Punch,2013,Comedy,94 min,1 nomination.,44,5.7
,,,,,,
Heropanti,2014,"Action, Romance",146 min,4 wins & 11 nominations.,N/A,5.5
Return to the Hiding Place,2013,"Drama, History, Thriller",102 min,7 wins.,N/A,4.8
Stand Clear of the Closing Doors,2013,Drama,102 min,4 wins & 3 nominations.,86,6.6
Accident,2009,Thriller,89 min,1 win & 8 nominations.,N/A,6.7
Le grand départ,2008,"Comedy, Drama",N/A,2 nominations.,N/A,5.8
Under the Electric Sky,2014,"Documentary, Music",85 min,1 nomination.,42,6.4
Maleficent,2014,"Action, Adventure, Family",97 min,Nominated for 1 Oscar. Another 9 wins & 36 nominations.,56,7
A Million Ways to Die in the West,2014,"Comedy, Western",116 min,6 nominations.,44,6.1
The Grand Seduction,2013,Comedy,113 min,2 wins & 8 nominations.,57,7
Night Moves,2013,"Drama, Thriller",112 min,2 wins & 2 nominations.,75,6
We Are the Best!,2013,"Drama, Music",102 min,13 wins & 18 nominations.,87,7.2
Korengal,2014,"Documentary, History, News",84 min,1 win.,67,6.8
Lucky Them,2013,Drama,97 min,2 nominations.,65,6.1
Filth,2013,"Comedy, Crime, Drama",97 min,9 wins & 12 nominations.,56,7.1
Elena,2011,Drama,109 min,17 wins & 13 nominations.,87,7.3
Before You Know It,2013,"Documentary, Biography, Drama",110 min,4 wins & 2 nominations.,68,6.2
,,,,,,
The Fault in Our Stars,2014,"Drama, Romance",126 min,19 wins & 11 nominations.,69,7.9
Edge of Tomorrow,2014,"Action, Adventure, Sci-Fi",113 min,11 wins & 34 nominations.,71,7.9
Obvious Child,2014,"Comedy, Drama",84 min,8 wins & 28 nominations.,76,6.8
Holiday,2014,"Action, Drama, Mystery",170 min,1 win & 6 nominations.,N/A,7.5
Supermensch: The Legend of Shep Gordon,2013,"Documentary, Biography, Music",85 min,3 wins & 5 nominations.,64,7.3
Citizen Koch,2013,"Documentary, Drama",90 min,1 win & 2 nominations.,52,6.5
Borgman,2013,"Drama, Thriller",113 min,10 wins & 19 nominations.,66,6.8
Ping Pong Summer,2014,"Comedy, Family",92 min,2 wins & 1 nomination.,52,5.4
Filmistaan,2012,Comedy,117 min,5 wins & 5 nominations.,N/A,7.3
Test,2013,Drama,89 min,3 wins & 2 nominations.,70,6.5
Tosca's Kiss,1984,"Documentary, Music",87 min,2 wins & 1 nomination.,N/A,8
The Sacrament,2013,"Horror, Thriller",99 min,1 win & 10 nominations.,49,6.1
Rigor Mortis,2013,"Action, Drama, Horror",103 min,6 wins & 22 nominations.,53,6.3
"2 Autumns, 3 Winters",2013,Comedy,91 min,2 wins & 2 nominations.,75,6.6
Anna,2013,"Drama, Mystery, Thriller",99 min,3 nominations.,42,6.5
Burning Bush,2013,"Biography, Drama",231 min,13 wins & 6 nominations.,83,8
22 Jump Street,2014,"Action, Comedy, Crime",112 min,7 wins & 22 nominations.,71,7.1
How to Train Your Dragon 2,2014,"Animation, Action, Adventure",102 min,Nominated for 1 Oscar. Another 13 wins & 58 nominations.,76,7.9
The Rover,2014,"Crime, Drama",103 min,3 wins & 19 nominations.,64,6.4
The Signal,2014,"Sci-Fi, Thriller",97 min,1 win & 3 nominations.,54,6.1
A Coffee in Berlin,2012,Drama,86 min,25 wins & 21 nominations.,63,7.4
Ivory Tower,2014,"Documentary, Family, History",90 min,2 nominations.,65,7
No Tears for the Dead,2014,"Action, Drama",116 min,N/A,N/A,6.8
Hellion,2014,"Drama, Thriller",99 min,3 wins & 5 nominations.,55,6.1
The Amazing Catfish,2013,"Comedy, Drama",89 min,9 wins & 11 nominations.,69,7
Policeman,2011,Drama,105 min,10 wins & 15 nominations.,79,6.3
Evergreen: The Road to Legalization,2013,Documentary,86 min,1 win & 1 nomination.,67,7.3
Think Like a Man Too,2014,"Comedy, Romance",106 min,2 wins & 4 nominations.,38,5.7
Jersey Boys,2014,"Biography, Drama, Music",134 min,3 wins & 2 nominations.,54,6.9
Third Person,2013,"Drama, Romance",137 min,1 win.,38,6.4
Venus in Fur,2013,Drama,96 min,6 wins & 18 nominations.,69,7.2
Le Chef,2012,Comedy,84 min,N/A,43,6.6
A Summer's Tale,1996,"Comedy, Drama, Romance",113 min,1 nomination.,91,7.7
Code Black,2015–,Drama,42 min,1 nomination.,N/A,7.7
Coherence,2013,"Sci-Fi, Thriller",89 min,5 wins & 4 nominations.,65,7.1
The Last Sentence,2012,"Biography, Drama",126 min,3 wins & 6 nominations.,60,6.1
The Past is a Grotesque Animal,2014,"Documentary, Biography, Music",77 min,N/A,N/A,7.8
A Picture of You,2013,N/A,83 min,1 win & 2 nominations.,73,6.7
Exhibition,2013,Drama,104 min,1 nomination.,72,5.6
"Norte, the End of History",2013,Drama,250 min,9 wins & 16 nominations.,81,7.5
Penton: The John Penton Story,2014,"Documentary, Adventure, Biography",135 min,N/A,N/A,N/A
Yves Saint Laurent,2014,"Biography, Drama",106 min,2 wins & 7 nominations.,51,6.2
Transformers: Age of Extinction,2014,"Action, Adventure, Sci-Fi",165 min,5 wins & 21 nominations.,32,5.7
Begin Again,2013,"Drama, Music",104 min,Nominated for 1 Oscar. Another 2 wins & 15 nominations.,62,7.4
Captain America: The Winter Soldier,2014,"Action, Adventure, Sci-Fi",136 min,Nominated for 1 Oscar. Another 4 wins & 49 nominations.,70,7.8
Snowpiercer,2013,"Action, Drama, Sci-Fi",126 min,19 wins & 93 nominations.,84,7
Ek Villain,2014,"Action, Crime, Drama",129 min,7 wins & 8 nominations.,N/A,6.4
The Breakup Guru,2014,Comedy,114 min,N/A,N/A,4.4
,,,,,,
Siddharth,2013,Drama,96 min,2 wins & 7 nominations.,72,7.3
The Internet's Own Boy: The Story of Aaron Swartz,2014,"Documentary, Biography, Crime",105 min,3 wins & 2 nominations.,72,8.1
Living Is Easy with Eyes Closed,2013,"Comedy, Drama",108 min,18 wins & 16 nominations.,N/A,7
Radio Free Albemuth,2010,"Drama, Sci-Fi",111 min,N/A,35,5.8
Archipelago,2010,Drama,114 min,6 nominations.,82,6.1
Nothing Bad Can Happen,2013,"Crime, Drama, Thriller",110 min,6 wins & 10 nominations.,51,7
Unrelated,2007,Drama,100 min,2 wins & 3 nominations.,74,6.5
Postman Pat: The Movie,2014,"Animation, Comedy, Family",88 min,1 nomination.,44,4.6
Jackpot,2011,"Action, Comedy, Crime",90 min,1 nomination.,43,6.6
Tammy,2014,Comedy,97 min,1 win & 6 nominations.,39,4.9
Earth to Echo,2014,"Adventure, Family, Sci-Fi",91 min,2 wins & 2 nominations.,53,5.8
Deliver Us from Evil,2014,"Horror, Mystery, Thriller",118 min,2 nominations.,40,6.2
Cinemanovels,2013,"Comedy, Drama, Romance",89 min,2 wins & 4 nominations.,59,5.2
Life Itself,2014,"Documentary, Biography",120 min,22 wins & 29 nominations.,87,7.9
A Hard Day's Night,1964,"Comedy, Musical",87 min,Nominated for 2 Oscars. Another 2 wins & 5 nominations.,96,7.7
Lekar Hum Deewana Dil,2014,"Comedy, Romance",N/A,N/A,N/A,4.9
Marius,1931,"Comedy, Drama, Romance",130 min,N/A,N/A,7.8
The Girl on the Train,2013,Thriller,80 min,1 win.,N/A,4.5
Closed Curtain,2013,Drama,106 min,2 wins & 7 nominations.,81,6.7
Dawn of the Planet of the Apes,2014,"Action, Adventure, Drama",130 min,Nominated for 1 Oscar. Another 14 wins & 44 nominations.,79,7.6
Boyhood,2014,Drama,165 min,Won 1 Oscar. Another 167 wins & 199 nominations.,100,8
Land Ho!,2014,"Adventure, Comedy",95 min,2 wins & 1 nomination.,68,6
Humpty Sharma Ki Dulhania,2014,"Comedy, Drama, Romance",133 min,2 wins & 3 nominations.,N/A,6
A Long Way Down,2014,"Comedy, Drama",96 min,N/A,34,6.4
The Empty Hours,2013,"Drama, Romance",101 min,1 win & 2 nominations.,81,6.3
The Purge: Anarchy,2014,"Action, Horror, Thriller",103 min,1 win & 4 nominations.,50,6.5
Planes: Fire & Rescue,2014,"Animation, Adventure, Comedy",83 min,6 nominations.,48,6
Sex Tape,2014,Comedy,94 min,2 wins & 3 nominations.,36,5.1
Wish I Was Here,2014,"Comedy, Drama",106 min,3 nominations.,43,6.7
Persecuted,2014,"Action, Drama, Mystery",91 min,N/A,11,3.6
I Origins,2014,"Drama, Romance, Sci-Fi",106 min,2 wins & 3 nominations.,57,7.3
A Five Star Life,2013,Drama,85 min,3 wins & 10 nominations.,51,6.3
Mood Indigo,2013,"Comedy, Drama, Fantasy",94 min,1 win & 9 nominations.,54,6.5
Alive Inside,2014,"Documentary, News",78 min,7 wins & 5 nominations.,67,8.2
"Flamenco, Flamenco",2010,"Documentary, Music",97 min,N/A,82,7.3
There's No Place Like Utopia,2014,Documentary,110 min,N/A,N/A,5.4
K: Missing Kings,2014,"Animation, Action, Fantasy",73 min,N/A,N/A,7.3
Video Games: The Movie,2014,"Documentary, Animation, History",101 min,N/A,40,6.1
As It Is in Heaven,2004,"Comedy, Drama, Music",133 min,Nominated for 1 Oscar. Another 2 wins & 11 nominations.,N/A,7.6
A Letter to Momo,2011,"Animation, Drama, Family",120 min,3 wins & 7 nominations.,65,7.3
A Master Builder,2013,Drama,130 min,1 nomination.,67,6
The Endless Summer,1966,"Documentary, Sport",95 min,1 win.,N/A,7.8
Lucy,2014,"Action, Sci-Fi, Thriller",89 min,8 nominations.,61,6.4
,,,,,,
A Most Wanted Man,2014,"Crime, Drama, Thriller",122 min,2 wins & 5 nominations.,73,6.8
And So It Goes,2014,"Comedy, Drama, Romance",94 min,1 nomination.,38,5.7
Magic in the Moonlight,2014,"Comedy, Romance",97 min,1 win & 1 nomination.,54,6.6
The Fluffy Movie: Unity Through Laughter,2014,Comedy,101 min,N/A,56,7.2
Kick,2014,"Action, Comedy, Romance",146 min,5 wins & 12 nominations.,N/A,5.5
The Divine Move,2014,"Action, Crime, Drama",118 min,1 win & 3 nominations.,N/A,6.7
Happy Christmas,2014,"Comedy, Drama",82 min,2 nominations.,70,5.6
The Kill Team,2013,Documentary,79 min,6 wins & 3 nominations.,72,7.1
Fanny,1961,"Drama, Romance",134 min,Nominated for 5 Oscars. Another 1 win & 11 nominations.,N/A,7.1
Come Back to Me,2014,"Horror, Mystery, Thriller",90 min,N/A,31,5.8
Very Good Girls,2013,Drama,91 min,N/A,35,6
Manuscripts Don't Burn,2013,Drama,125 min,3 wins & 2 nominations.,88,7.2
Guardians of the Galaxy,2014,"Action, Adventure, Sci-Fi",121 min,Nominated for 2 Oscars. Another 46 wins & 87 nominations.,76,8.1
Get on Up,2014,"Biography, Drama, Music",139 min,6 wins & 15 nominations.,71,6.9
Calvary,2014,"Crime, Drama",102 min,9 wins & 27 nominations.,77,7.4
Finding Fela!,2014,"Documentary, Biography, History",119 min,1 nomination.,64,7
Rich Hill,2014,"Documentary, Biography, Drama",91 min,4 wins & 5 nominations.,75,7.3
Child of God,2013,"Crime, Drama, Thriller",104 min,1 win & 2 nominations.,50,5.5
The Strange Little Cat,2013,"Comedy, Drama, Family",72 min,4 wins & 6 nominations.,80,6.6
Moebius,2013,Drama,89 min,N/A,66,6.5
Dragon Ball Z: Battle of Gods,2013,"Animation, Action, Comedy",85 min,7 wins & 4 nominations.,N/A,7.3
,,,,,,
The Hundred-Foot Journey,2014,"Comedy, Drama",122 min,Nominated for 1 Golden Globe. Another 2 wins & 1 nomination.,55,7.3
Into the Storm,2014,"Action, Thriller",89 min,1 win & 1 nomination.,44,5.8
Step Up All In,2014,"Drama, Music, Romance",112 min,N/A,45,6
,,,,,,
,,,,,,
,,,,,,
The Dog,2013,"Documentary, Adventure, Biography",100 min,1 win & 3 nominations.,76,6.5
Fifi Howls from Happiness,2013,Documentary,96 min,2 wins.,76,7.7
Boy Meets Girl,2014,"Comedy, Drama, Romance",95 min,16 wins & 2 nominations.,68,7.1
What Now? Remind Me,2013,"Documentary, Biography, History",164 min,21 wins & 13 nominations.,86,7.4
Let's Be Cops,2014,Comedy,104 min,1 nomination.,30,6.5
The Giver,2014,"Drama, Romance, Sci-Fi",97 min,1 win & 4 nominations.,47,6.5
The Expendables 3,2014,"Action, Adventure, Thriller",126 min,1 win & 4 nominations.,35,6.1
The Trip to Italy,2014,"Comedy, Drama",108 min,1 nomination.,75,6.6
Singham Returns,2014,"Action, Drama",142 min,1 win & 1 nomination.,N/A,5.8
Frank,2014,"Comedy, Drama, Music",95 min,13 wins & 14 nominations.,75,7
Life After Beth,2014,"Comedy, Drama, Horror",89 min,6 nominations.,50,5.6
Fort McCoy,2011,"Drama, History, War",100 min,11 wins & 4 nominations.,47,5.8
Jealousy,2013,Drama,77 min,2 nominations.,66,6.4
Abuse of Weakness,2013,Drama,105 min,4 nominations.,77,5.8
Level Five,1997,"Documentary, Romance, War",106 min,N/A,87,7.1
Red Hollywood,1996,"Documentary, History",118 min,N/A,N/A,7
Jake Squared,2013,"Comedy, Drama",100 min,8 wins & 3 nominations.,30,4.5
The Expedition to the End of the World,2013,"Documentary, Adventure, Comedy",90 min,1 win & 5 nominations.,77,7
If I Stay,2014,"Drama, Fantasy, Music",107 min,2 wins & 1 nomination.,46,6.8
When the Game Stands Tall,2014,"Drama, Sport",115 min,N/A,41,6.7
,,,,,,
Love Is Strange,2014,Drama,94 min,3 wins & 17 nominations.,82,6.8
The One I Love,2014,"Comedy, Drama, Romance",91 min,2 wins & 2 nominations.,66,7.1
To Be Takei,2014,"Documentary, Biography",94 min,1 nomination.,66,6.9
That Man from Rio,1964,"Action, Adventure, Comedy",112 min,Nominated for 1 Oscar. Another 1 win.,N/A,7.2
May in the Summer,2013,"Comedy, Drama",99 min,3 nominations.,56,5.8
K2: Siren of the Himalayas,2012,Documentary,75 min,2 wins.,63,7.3
Kabbalah Me,2014,Documentary,80 min,N/A,47,N/A
Ragnarok,2013,"Action, Adventure",100 min,3 wins & 4 nominations.,49,6
The November Man,2014,"Action, Crime, Thriller",108 min,N/A,38,6.3
Through a Lens Darkly: Black Photographers and the Emergence of a People,2014,"Documentary, Family, History",90 min,4 wins & 1 nomination.,64,7.2
Starred Up,2013,Drama,106 min,16 wins & 19 nominations.,81,7.4
"As Above, So Below",2014,"Horror, Mystery, Thriller",93 min,2 nominations.,38,6.1
Cantinflas,2014,"Biography, Comedy, Drama",102 min,26 wins & 11 nominations.,44,6.7
,,,,,,
The Last of Robin Hood,2013,"Biography, Drama, Romance",94 min,N/A,46,5.7
Kundo: Age of the Rampant,2014,"Action, Drama",137 min,1 win & 6 nominations.,56,6.8
Life of Crime,2013,"Comedy, Crime",98 min,N/A,60,5.8
The Congress,2013,"Animation, Drama, Sci-Fi",122 min,9 wins & 9 nominations.,63,6.5
Raja Natwarlal,2014,"Drama, Thriller",141 min,N/A,N/A,6.1
The Notebook,2013,"Drama, War",112 min,5 wins & 1 nomination.,57,7
The Conformist,1970,Drama,111 min,Nominated for 1 Oscar. Another 10 wins & 7 nominations.,100,8.1
Road to Ninja: Naruto the Movie,2012,"Animation, Action, Adventure",109 min,2 wins & 1 nomination.,N/A,7.8
Last Weekend,2014,"Comedy, Drama",94 min,N/A,40,5.3
Canopy,2013,"Adventure, Drama, Thriller",84 min,1 win & 8 nominations.,64,4.9
The Strange Color of Your Body's Tears,2013,"Horror, Mystery, Thriller",102 min,3 wins & 9 nominations.,53,6
Rocks in My Pockets,2014,"Animation, Comedy, Drama",88 min,6 wins & 3 nominations.,78,7.6
The Identical,2014,"Drama, Music",107 min,1 win.,25,5.1
The Remaining,2014,"Horror, Thriller",88 min,N/A,38,4.3
The Captive,2014,"Crime, Drama, Mystery",112 min,1 win & 7 nominations.,36,5.9
Mary Kom,2014,"Biography, Drama, Sport",122 min,4 wins & 14 nominations.,N/A,6.8
,,,,,,
Last Days in Vietnam,2014,"Documentary, History, War",98 min,Nominated for 1 Oscar. Another 4 wins & 9 nominations.,86,7.6
,,,,,,
The Pirates,1907,"Short, Drama",N/A,N/A,N/A,N/A
Innocence,2014,"Adventure, Fantasy, Horror",96 min,N/A,26,4.6
God Help the Girl,2014,"Drama, Musical, Romance",112 min,3 wins & 6 nominations.,58,6.4
Frontera,2014,"Drama, Western",103 min,1 win.,58,6.6
Wetlands,2013,"Comedy, Drama",109 min,1 win & 7 nominations.,77,5.7
Memphis,2013,Drama,75 min,2 nominations.,65,5.5
Kelly & Cal,2014,"Comedy, Drama",111 min,1 win & 1 nomination.,64,6.2
Levitated Mass,2013,"Documentary, Biography, History",88 min,N/A,82,6.6
Falcon Rising,2014,"Action, Adventure",103 min,N/A,49,5.8
PAY 2 PLAY: Democracy's High Stakes,2014,"Documentary, Comedy, News",87 min,N/A,N/A,8.6
Thunder and the House of Magic,2013,"Animation, Adventure, Comedy",85 min,1 nomination.,47,6.3
My Old Lady,2014,"Comedy, Drama, Romance",107 min,1 win & 1 nomination.,52,6.3
Duran Duran: Unstaged,2014,"Documentary, Music",121 min,N/A,N/A,6.8
Born to Fly: Elizabeth Streb vs. Gravity,2014,"Documentary, Action, Biography",82 min,1 win & 6 nominations.,78,6.8
No Good Deed,2014,"Crime, Thriller",84 min,2 wins & 2 nominations.,26,5.6
Dolphin Tale 2,2014,"Drama, Family",107 min,N/A,58,6.4
The Drop,2014,"Crime, Drama",106 min,3 wins & 4 nominations.,69,7.1
The Skeleton Twins,2014,"Comedy, Drama",93 min,4 wins & 10 nominations.,74,6.9
,,,,,,
Finding Fanny,2014,"Comedy, Drama, Romance",102 min,2 wins & 28 nominations.,N/A,5.9
The Disappearance of Eleanor Rigby: Them,2014,Drama,123 min,2 wins & 8 nominations.,57,6.3
I Am Eleven,2011,"Documentary, Biography",98 min,3 wins.,55,6.2
The Green Prince,2014,"Documentary, Biography",101 min,5 wins & 7 nominations.,67,7.2
Take Me to the River,2015,Drama,84 min,1 win & 1 nomination.,65,7.1
Sagrada: The Mystery of Creation,2012,Documentary,89 min,2 nominations.,55,6.5
Bird People,2014,"Comedy, Drama, Fantasy",127 min,5 nominations.,70,6.1
The Homestretch,1947,Drama,99 min,N/A,N/A,6.7
Stray Dogs,2013,Drama,138 min,14 wins & 20 nominations.,84,6.9
Honeymoon,2014,"Horror, Thriller",87 min,2 nominations.,65,5.6
The Mystery of Happiness,2014,"Comedy, Drama, Romance",92 min,1 nomination.,N/A,6.1
The Quitter,2014,"Comedy, Drama",85 min,N/A,N/A,8.3
Faith Connections,2013,"Documentary, Biography, Drama",115 min,1 win.,N/A,7
Smiling Through the Apocalypse,2013,"Documentary, Biography, History",99 min,N/A,65,5.9
The Guest,2014,"Mystery, Thriller",100 min,3 wins & 11 nominations.,76,6.7
"20,000 Days on Earth",2014,"Documentary, Drama, Music",97 min,Nominated for 1 BAFTA Film Award. Another 7 wins & 14 nominations.,83,7.5
The Maze Runner,2014,"Action, Mystery, Sci-Fi",113 min,3 wins & 10 nominations.,56,6.8
This Is Where I Leave You,2014,"Comedy, Drama",103 min,1 nomination.,44,6.6
A Walk Among the Tombstones,2014,"Crime, Drama, Mystery",114 min,N/A,57,6.5
Mommy,2014,Drama,139 min,49 wins & 58 nominations.,74,8.1
Tusk,2014,"Comedy, Drama, Horror",102 min,1 win & 4 nominations.,55,5.4
Hector and the Search for Happiness,2014,"Adventure, Comedy, Drama",114 min,2 wins & 1 nomination.,29,7
Khoobsurat,2014,"Comedy, Romance",130 min,2 nominations.,N/A,6.4
Tracks,2014,"Short, Drama, Family",13 min,N/A,N/A,8.2
The Zero Theorem,2013,"Drama, Fantasy, Sci-Fi",107 min,1 win & 6 nominations.,50,6.1
Tazza: The Hidden Card,2014,"Crime, Drama",147 min,1 win & 7 nominations.,N/A,6.9
Art and Craft,2014,Documentary,89 min,2 wins & 1 nomination.,68,7.1
Keep on Keepin' On,2014,Documentary,84 min,14 wins & 8 nominations.,77,7.7
Pump,2014,Documentary,88 min,N/A,56,7.7
Not Cool,2014,Comedy,93 min,N/A,1,5.1
This Ain't No Mouse Music,2013,Documentary,92 min,2 wins & 1 nomination.,N/A,7.3
Yellow Day,2015,"Drama, Family, Fantasy",98 min,N/A,N/A,7.4
Iceman,2014,"Action, Comedy, History",104 min,1 win.,32,4.8
Swim Little Fish Swim,2013,"Comedy, Drama, Music",95 min,4 wins & 8 nominations.,54,7.5
Hollidaysburg,2014,Comedy,88 min,N/A,N/A,5.7
Stop the Pounding Heart,2013,"Documentary, Drama",98 min,5 wins & 6 nominations.,70,6.9
Life's a Breeze,2013,"Comedy, Drama",83 min,2 wins & 3 nominations.,55,6.3
"Mummy, I'm A Zombie",2014,Animation,82 min,4 nominations.,N/A,5.5
The Equalizer,2014,"Action, Crime, Thriller",132 min,1 win & 6 nominations.,57,7.2
The Boxtrolls,2014,"Animation, Adventure, Comedy",96 min,Nominated for 1 Oscar. Another 8 wins & 55 nominations.,61,6.8
Pride,2014,"Biography, Comedy, Drama",119 min,Nominated for 1 Golden Globe. Another 8 wins & 16 nominations.,79,7.8
The Song,2014,"Drama, Music, Romance",116 min,N/A,42,6
Más negro que la noche,2014,Horror,110 min,1 nomination.,N/A,4.1
The Two Faces of January,2014,"Romance, Thriller",96 min,3 nominations.,66,6.2
Jimi: All Is by My Side,2013,"Biography, Drama, Music",118 min,1 win & 8 nominations.,66,5.6
Björk: Biophilia Live,2014,"Documentary, Music",97 min,1 nomination.,67,7.8
Advanced Style,2014,"Documentary, Biography, Comedy",72 min,N/A,66,7.3
Lilting,2014,"Drama, Romance",91 min,Nominated for 1 BAFTA Film Award. Another 4 wins & 4 nominations.,61,7.2
Believe Me,2014,"Comedy, Drama",93 min,1 nomination.,48,4.9
Two Night Stand,2014,"Comedy, Romance",86 min,1 nomination.,45,6.4
Days and Nights,2014,"Comedy, Drama",92 min,N/A,36,4.8
The Little Bedroom,2010,Drama,87 min,6 wins & 3 nominations.,69,6.9
"Men, Women & Children",2014,"Comedy, Drama",119 min,N/A,38,6.7
Nas: Time Is Illmatic,2014,Documentary,74 min,1 nomination.,72,7.2
,,,,,,
Bang Bang,2014,"Action, Adventure, Comedy",153 min,1 win & 6 nominations.,N/A,5.5
Haider,2014,"Action, Crime, Drama",160 min,14 wins & 31 nominations.,N/A,8.3
Gone Girl,2014,"Crime, Drama, Mystery",149 min,Nominated for 1 Oscar. Another 63 wins & 163 nominations.,79,8.1
Annabelle,2014,"Horror, Mystery",99 min,6 nominations.,37,5.4
Left Behind,2014,"Action, Fantasy, Thriller",110 min,4 nominations.,12,3.1
The Good Lie,2014,Drama,110 min,2 wins & 3 nominations.,65,7.4
Breakup Buddies,2014,"Comedy, Drama, Romance",116 min,2 wins.,N/A,6.4
The Blue Room,2014,"Crime, Thriller",76 min,3 nominations.,72,6.3
The Liberator,2013,"Biography, Drama, History",119 min,1 win & 3 nominations.,51,7.1
The Hero of Color City,2014,"Animation, Family",77 min,N/A,33,4.2
"Alexander and the Terrible, Horrible, No Good, Very Bad Day",2014,"Comedy, Family",81 min,1 win & 7 nominations.,54,6.2
Dracula Untold,2014,"Action, Drama, Fantasy",92 min,2 wins & 3 nominations.,40,6.3
The Judge,2014,"Crime, Drama",141 min,Nominated for 1 Oscar. Another 3 wins & 8 nominations.,48,7.4
St. Vincent,2014,"Comedy, Drama",102 min,Nominated for 2 Golden Globes. Another 6 wins & 17 nominations.,64,7.3
Addicted,2014,"Drama, Thriller",106 min,N/A,32,5.1
Whiplash,2014,"Drama, Music",107 min,Won 3 Oscars. Another 84 wins & 125 nominations.,88,8.5
Meet the Mormons,2014,Documentary,78 min,N/A,29,7.1
Kill the Messenger,2014,"Biography, Crime, Drama",112 min,1 win & 4 nominations.,60,7
Awake: The Life of Yogananda,2014,Documentary,87 min,N/A,54,7.4
The Overnighters,2014,"Documentary, Drama",102 min,10 wins & 17 nominations.,89,7.5
One Chance,2013,"Biography, Comedy, Drama",103 min,Nominated for 1 Golden Globe. Another 3 wins & 4 nominations.,52,6.8
Dead Snow 2: Red vs. Dead,2014,"Action, Comedy, Horror",100 min,12 wins & 5 nominations.,59,7
Christian Mingle,2014,"Comedy, Romance",103 min,N/A,N/A,4.5
You're Not You,2014,Drama,102 min,1 nomination.,56,7.4
I Am Ali,2014,"Documentary, Biography, Sport",111 min,2 nominations.,55,7
The Devil's Hand,2014,Thriller,86 min,N/A,N/A,4.8
Evolution of a Criminal,2014,Documentary,81 min,1 win & 5 nominations.,76,6.8
Diplomacy,2014,Drama,84 min,3 wins & 3 nominations.,72,7.1
Fury,2014,"Action, Drama, War",134 min,5 wins & 17 nominations.,64,7.6
The Book of Life,2014,"Animation, Adventure, Comedy",95 min,Nominated for 1 Golden Globe. Another 2 wins & 26 nominations.,67,7.3
Birdman,1967–1969,"Animation, Action, Adventure",30 min,N/A,N/A,7
The Best of Me,2014,"Drama, Romance",118 min,N/A,29,6.7
Dear White People,2014,"Comedy, Drama",108 min,14 wins & 25 nominations.,79,6.4
The Tale of the Princess Kaguya,2013,"Animation, Drama, Fantasy",137 min,Nominated for 1 Oscar. Another 11 wins & 34 nominations.,89,8.1
A Matter of Faith,2014,Drama,89 min,N/A,N/A,3.5
Listen Up Philip,2014,"Comedy, Drama",108 min,2 wins & 10 nominations.,76,6.4
God the Father,2014,Documentary,101 min,1 nomination.,N/A,6.1
The Golden Era,2014,"Biography, Drama, Romance",177 min,13 wins & 34 nominations.,57,6.4
Hiroshima Mon Amour,1959,"Drama, Romance",90 min,Nominated for 1 Oscar. Another 6 wins & 5 nominations.,N/A,8
Rudderless,2014,"Comedy, Drama, Music",105 min,1 win.,52,7.5
Stations of the Elevated,1981,Documentary,46 min,N/A,N/A,7.5
Guardian Angel,1994,"Action, Drama, Thriller",97 min,N/A,N/A,4.7
Watchers of the Sky,2014,"Documentary, Biography, History",120 min,4 wins & 2 nominations.,85,6.9
Camp X-Ray,2014,"Drama, War",117 min,6 nominations.,54,7
Eternity: The Movie,2014,"Comedy, Music, Musical",88 min,1 win & 1 nomination.,28,7.5
The Hacker Wars,2014,"Documentary, Crime",91 min,1 win.,N/A,6.6
Algorithms,2013,"Documentary, Sport",100 min,1 win.,63,6.5
Ouija,2014,Horror,89 min,1 win.,38,4.4
John Wick,2014,"Action, Thriller",101 min,4 wins & 6 nominations.,68,7.2
Citizenfour,2014,"Documentary, Biography, History",114 min,Won 1 Oscar. Another 42 wins & 34 nominations.,88,8.1
Force Majeure,2014,"Comedy, Drama",120 min,Nominated for 1 Golden Globe. Another 31 wins & 33 nominations.,87,7.3
Laggies,2014,"Comedy, Romance",99 min,1 win & 1 nomination.,63,6.4
23 Blast,2014,"Drama, Family, Sport",98 min,1 win.,45,6.2
Goodbye to Language,2014,Drama,70 min,3 wins & 17 nominations.,75,5.9
,,,,,,
The Principle,2014,"News, Sci-Fi, Thriller",90 min,N/A,N/A,5.4
Low Down,2014,"Biography, Drama, Music",114 min,2 wins & 3 nominations.,58,6.2
"1,000 Times Good Night",2013,"Drama, War",117 min,6 wins & 10 nominations.,57,7.1
White Bird in a Blizzard,2014,"Drama, Mystery, Thriller",91 min,2 nominations.,51,6.4
Life of Riley,2014,"Comedy, Drama, Romance",108 min,2 wins & 1 nomination.,70,6
Two-Bit Waltz,2014,"Comedy, Drama, Family",81 min,N/A,N/A,4.9
Rhymes for Young Ghouls,2013,Drama,88 min,4 wins & 5 nominations.,N/A,6.5
Revenge of the Mekons,2013,Documentary,95 min,N/A,77,7.2
The Great Invisible,2014,Documentary,92 min,1 win & 5 nominations.,72,6.6
Nightcrawler,2014,"Crime, Thriller",117 min,Nominated for 1 Oscar. Another 42 wins & 112 nominations.,76,7.9
Before I Go to Sleep,2014,"Drama, Mystery, Thriller",92 min,N/A,41,6.3
,,,,,,
Horns,2013,"Drama, Fantasy, Thriller",120 min,4 wins & 2 nominations.,46,6.5
The Cabinet of Dr. Caligari,1920,"Fantasy, Horror, Mystery",67 min,N/A,N/A,8.1
ABCs of Death 2,2014,"Comedy, Horror",125 min,1 nomination.,53,5.5
Plot for Peace,2013,"Documentary, History, Thriller",84 min,5 wins & 5 nominations.,75,7
Showrunners: The Art of Running a TV Show,2014,"Documentary, Biography, News",90 min,N/A,68,6.8
Missionary,2013,"Drama, Thriller",90 min,N/A,48,5.3
Missionary,2013,"Drama, Thriller",90 min,N/A,48,5.3
Interstellar,2014,"Adventure, Drama, Sci-Fi",169 min,Won 1 Oscar. Another 36 wins & 122 nominations.,74,8.6
National Gallery,2014,Documentary,180 min,9 nominations.,89,7.4
Big Hero 6,2014,"Animation, Action, Adventure",102 min,Won 1 Oscar. Another 13 wins & 52 nominations.,74,7.9
The Theory of Everything,2014,"Biography, Drama, Romance",123 min,Won 1 Oscar. Another 24 wins & 114 nominations.,72,7.7
On Any Sunday: The Next Chapter,2014,"Documentary, Action, Adventure",90 min,N/A,53,7.1
Elsa & Fred,2014,"Comedy, Drama, Romance",97 min,1 win & 1 nomination.,49,6.6
The Way He Looks,2014,"Drama, Romance",96 min,23 wins & 13 nominations.,71,8
The Better Angels,2014,"Biography, Drama, History",95 min,1 nomination.,53,6.1
,,,,,,
Why Don't You Play in Hell?,2013,"Action, Comedy, Drama",129 min,8 wins & 11 nominations.,68,7.2
Actress,2014,"Documentary, Drama",86 min,2 wins & 12 nominations.,76,6.1
Bhopal: A Prayer for Rain,2014,"Drama, History",96 min,1 nomination.,50,7.4
Death Metal Angola,2012,"Documentary, Music, War",90 min,1 win & 1 nomination.,68,7.5
Open Windows,2014,"Action, Crime, Thriller",100 min,2 wins & 5 nominations.,47,5.2
Mr. Pip,2012,"Drama, War",116 min,6 wins & 8 nominations.,N/A,7.2
The Tower,2012,"Action, Comedy, Drama",121 min,N/A,N/A,6.5
Gladiators of Rome,2013,"Animation, Adventure, Comedy",94 min,N/A,N/A,5.2
The Sacrifice,1986,Drama,149 min,Won 1 BAFTA Film Award. Another 7 wins & 2 nominations.,N/A,8.2
Dumb and Dumber To,2014,Comedy,109 min,1 win & 6 nominations.,36,5.7
Beyond the Lights,2014,"Drama, Music",116 min,Nominated for 1 Oscar. Another 4 wins & 21 nominations.,73,6.9
Foxcatcher,2014,"Biography, Drama, Sport",134 min,Nominated for 5 Oscars. Another 11 wins & 71 nominations.,81,7
Rosewater,2014,"Biography, Drama",103 min,1 win & 1 nomination.,67,6.6
,,,,,,
The Homesman,2014,"Drama, Western",122 min,4 wins & 14 nominations.,68,6.6
Le Jour se Leve,1939,"Crime, Drama, Romance",93 min,1 nomination.,N/A,7.8
Wolves,2014,"Action, Horror",91 min,N/A,37,5.3
The Hunger Games: Mockingjay - Part 1,2014,"Adventure, Sci-Fi, Thriller",123 min,Nominated for 1 Golden Globe. Another 10 wins & 21 nominations.,64,6.7
A Girl Walks Home Alone at Night,2014,"Drama, Horror",101 min,6 wins & 19 nominations.,81,7
Happy Ending,2014,"Comedy, Romance",135 min,1 win & 2 nominations.,N/A,5.5
Monk with a Camera,2014,"Documentary, Biography, News",90 min,1 nomination.,56,6.8
The King and the Mockingbird,1980,"Animation, Family, Fantasy",83 min,1 win & 1 nomination.,87,8.1
Happy Valley,2014–,"Crime, Drama",58 min,8 wins & 7 nominations.,N/A,8.5
Sleepwalker,2000,"Mystery, Horror, Thriller",95 min,1 win & 1 nomination.,N/A,5.9
V/H/S Viral,2014,"Action, Fantasy, Horror",81 min,N/A,31,4.2
Penguins of Madagascar,2014,"Animation, Adventure, Comedy",92 min,6 nominations.,53,6.7
Horrible Bosses 2,2014,"Comedy, Crime",108 min,1 win & 2 nominations.,40,6.3
Women Who Flirt,2014,Comedy,97 min,1 nomination.,N/A,5.9
Dr. Cabbie,2014,Comedy,101 min,1 win.,N/A,6.6
The Immortalists,2014,"Documentary, Drama",78 min,1 win & 2 nominations.,53,6.3
The Imitation Game,2014,"Biography, Drama, Thriller",114 min,Won 1 Oscar. Another 43 wins & 143 nominations.,73,8.1
The Babadook,2014,"Drama, Horror, Thriller",93 min,49 wins & 56 nominations.,86,6.8
Antarctica: A Year on Ice,2013,"Documentary, Adventure, Biography",91 min,18 wins & 3 nominations.,69,7.6
Touch the Wall,2014,"Documentary, Family, Sport",101 min,N/A,N/A,9.1
Before I Disappear,2014,Drama,93 min,16 wins & 8 nominations.,47,7.2
Aftermath,2014,"Short, Drama",8 min,1 win.,N/A,6.9
Wild,2014,"Adventure, Biography, Drama",115 min,Nominated for 2 Oscars. Another 8 wins & 62 nominations.,76,7.1
Zero Motivation,2014,"Comedy, Drama",97 min,9 wins & 9 nominations.,69,7.4
The Pyramid,2014,"Action, Adventure, Horror",89 min,N/A,24,4.7
She's Beautiful When She's Angry,2014,"Documentary, History",92 min,2 nominations.,80,7
Action Jackson,2014,"Action, Comedy, Drama",144 min,5 nominations.,N/A,3.3
The One I Wrote for You,2014,"Drama, Family, Music",110 min,N/A,N/A,5.7
The Passionate Thief,1960,"Comedy, Drama",106 min,N/A,N/A,7.4
Uzumasa Limelight,2014,"Action, Drama",103 min,2 wins & 1 nomination.,N/A,5
Concerning Violence,2014,"Documentary, Drama, History",78 min,3 wins & 8 nominations.,80,7.3
Comet,2014,"Comedy, Drama, Romance",91 min,2 nominations.,52,6.7
Life Partners,2014,"Comedy, Romance",93 min,1 nomination.,57,6.2
Pioneer,2013,Thriller,111 min,3 wins & 4 nominations.,58,6
Magician: The Astonishing Life and Work of Orson Welles,2014,"Documentary, Biography",91 min,2 nominations.,67,6.7
Exodus: Gods and Kings,2014,"Action, Adventure, Drama",150 min,4 nominations.,52,6.1
Top Five,2014,"Comedy, Romance",102 min,7 wins & 19 nominations.,81,6.5
Inherent Vice,2014,"Comedy, Crime, Drama",148 min,Nominated for 2 Oscars. Another 14 wins & 88 nominations.,81,6.7
Back in Time,2015,"Documentary, Family, History",95 min,N/A,N/A,6.3
Six Dance Lessons in Six Weeks,2014,"Comedy, Drama",107 min,N/A,50,6.9
Tip Top,2013,"Comedy, Thriller",106 min,1 win & 1 nomination.,64,4.8
Free the Nipple,2014,"Comedy, Drama",78 min,N/A,33,3.8
Maidan,2014,Documentary,134 min,2 wins & 3 nominations.,86,6.6
We Are the Giant,2014,Documentary,92 min,1 win & 1 nomination.,52,7.1
Rakuen Tsuiho: Expelled from Paradise,2014,"Animation, Sci-Fi",104 min,N/A,N/A,7
The Hobbit: The Battle of the Five Armies,2014,"Adventure, Fantasy",144 min,Nominated for 1 Oscar. Another 5 wins & 45 nominations.,59,7.5
Goodbye to All That,2014,"Comedy, Drama, Romance",87 min,1 win & 1 nomination.,62,5.2
"If You Don't, I Will",2014,Comedy,102 min,2 nominations.,68,5.8
Anything for Alice,2014,Comedy,99 min,1 win.,N/A,5.3
Night at the Museum: Secret of the Tomb,2014,"Adventure, Comedy, Family",98 min,1 win & 3 nominations.,47,6.2
Annie,2014,"Comedy, Drama, Family",118 min,Nominated for 2 Golden Globes. Another 2 wins & 10 nominations.,33,5.2
P.K. and the Kid,1987,Drama,89 min,N/A,N/A,5.3
Mr. Turner,2014,"Biography, Drama, History",150 min,Nominated for 4 Oscars. Another 19 wins & 55 nominations.,94,6.9
Song of the Sea,2014,"Animation, Family, Fantasy",93 min,Nominated for 1 Oscar. Another 12 wins & 17 nominations.,85,8.2
A Tale of Winter,1992,Drama,114 min,2 wins & 1 nomination.,N/A,7.6
,,,,,,
"Two Days, One Night",2014,Drama,95 min,Nominated for 1 Oscar. Another 37 wins & 73 nominations.,89,7.4
Wei ai zhi jian ru jia jing,2014,Comedy,135 min,N/A,N/A,4.5
American Sniper,2014,"Action, Biography, Drama",133 min,Won 1 Oscar. Another 16 wins & 33 nominations.,72,7.3
Into the Woods,2014,"Adventure, Fantasy, Musical",125 min,Nominated for 3 Oscars. Another 10 wins & 63 nominations.,69,6
Unbroken,2014,"Biography, Drama, Sport",137 min,Nominated for 3 Oscars. Another 13 wins & 24 nominations.,59,7.2
Selma,2014,"Biography, Drama, History",128 min,Won 1 Oscar. Another 55 wins & 83 nominations.,89,7.5
The Gambler,2014,"Crime, Drama, Thriller",111 min,1 nomination.,55,6
Big Eyes,2014,"Biography, Crime, Drama",106 min,Won 1 Golden Globe. Another 1 win & 15 nominations.,62,7
The Interview,2014,Comedy,112 min,1 win & 3 nominations.,52,6.6
Ode to My Father,2014,"Drama, Romance, War",126 min,12 wins & 10 nominations.,N/A,7.7
Leviathan,2014,Drama,140 min,Nominated for 1 Oscar. Another 25 wins & 36 nominations.,92,7.7
A Most Violent Year,2014,"Action, Crime, Drama",125 min,Nominated for 1 Golden Globe. Another 13 wins & 44 nominations.,79,7
